name,score,comment,vote,time
Tel,allstar40 rating,我是一个90后，我曾经很羡慕“上一代人”：40年前的观众，他们的影院里有星战正传三部曲的落幕；20年前的观众，能在影院里看到指环王系列的终章。影迷们的悲欢并不相通，但现在我们也有了共同的记忆：漫威电影宇宙。谢谢你，《复仇者联盟》。,13692,2019/4/24
深夜的阿斯伯格,allstar40 rating,对某人而言这就叫有始有终吧，这个时代的星战（90后终于有长达十年的情怀和回忆了）,4560,2019/4/24
桃桃淘电影,allstar40 rating,用三个小时的时间，与大家告别。是集结，是重聚，是告别，是牺牲。作为系列的最终篇，确实已经努力做到最好了，有笑点、有泪点、也有燃点。这个世代结束了，下个世代再会！,3665,2019/4/24
小轨,allstar30 rating,"不打感情分也就合格水准，通篇流水账观感还不如第三部，虽然我一直认为这类片无所谓剧透，不过为了尊重大家不多说了，自己看便是。
最后说一下，钢铁侠作为头号一哥很好地完成了支撑复联的任务，而这个女拳队长无论角色和定位都是彻头彻尾的笑话，新10年靠这种角色基本完蛋。",9071,2019/4/24
棠枫海,allstar50 rating,如果你不喜欢这部电影，说明他不是为你准备的，故事的终章是为读过故事的人准备的,25762,2019/4/24
sunmmr丶sea,allstar40 rating,搞不懂惊队吹这么久是为什么啥……感觉就是打了个酱油???,3480,2019/4/24
法兰西胶片,allstar40 rating,漫画里的奇迹一个接一个，电影里的回扣一层接一层，和一切的起点说再见了。这就是，逻辑无能为力，情感浩瀚有理。对于我个人而言，落点给了美队，心满意足了，从小学的FC横版过关，到90年代初傻乎乎的第一款电影版，收官。穿了整整8年的美特斯邦威美队主题T，也可以，脱掉了。,1075,2019/4/24
柯里昂,allstar40 rating,用多线剧情给自己过去的十年做总结，漫威这波操作很官方了，虽然有几处戳泪的剧情节点，也算不破不立吧…看看后半段大战里那些眼花缭乱的角色，感觉轻轻松松再拍个十年也没啥大问题，处处透露着一边给你递纸巾一边给你展望未来蓝图的野心…不过上一部仓促登场的惊奇队长有点保存实力的意思，大部分高光时刻都给了初代六位，角色与过去告别，观众与角色告别，也算是非常好的谢幕了。不少段落的怀旧范儿也很深得我心，包括对之前十年剧情的回溯，另外结合《复联3》来看灭霸也算是超英电影里诞生的又一个非典型反派，动机太哲学了，这魅力都快赶上隔壁小丑（就是造型输点儿），明显比以往大奸大恶的单细胞反派高出几个等级…给特写的时候差点给人看哭了，有点「壮志未酬」的悲情，总之站在他角度看完全又是另一番滋味，漫威不拍一部《灭霸传》着实可惜了。,811,2019/4/24
凌睿,allstar50 rating,"托尼说好要回归家庭、陪伴家人，可最终还是选择了重出江湖，因为责任和使命，因为“我是钢铁侠”。
美队在《美队1》错过了和卡特的约会，错过了陪伴卡特的70年，《美队3》更是亲自送挚爱上路，感谢导演给了他一个完美的结局。
黑寡妇高尚、豪迈、英勇、无畏，和XX并列最伟大的复仇者。
雷神和XX好好告别、托尼和XX握手言和，让人热泪盈眶。
美队弥补了一生中最大的遗憾；
班纳和浩克和解；
鹰眼与家人团聚；
黑寡妇没有家人，因为复仇者就是她的家人……
结局太完美也太催泪了。
《复联3》化灰英雄集体回归的一幕震撼得无以言表。
最终战的规模丝毫不亚于《指环王》，相比《复联3》更是提高了至少五倍。
尤其是“妇联”出场太惊艳了，完美诠释女性力量。
十一年布局，22部电影，在《复联4》画上圆满的句号。
借用摩根・史塔克的话：漫威我爱你三千遍！",10888,2019/4/24
感谢政府感谢党,allstar30 rating,三个小时剧情太拖沓，成了七龙珠寻宝了，堆砌拼凑的剧情，真是不知道浪费睡觉时间来看首映。,1601,2019/4/24
。,allstar50 rating,献给我人生中最美好的十一年。谢谢你，漫威，谢谢你让我的青春有了一个最完美的结局,10992,2019/4/24
kakakarl,allstar40 rating,“漫威宇宙”电影院播放的电视剧的阶段性大结局。除了片尾回顾角色以外，在“逆转未来”时空穿越的过程中，就完成了一次过往演员的大集结，甚至包括娜塔莉波特曼等本不会再出现的人物。解释了上一集留下的大bug，在大家想象到的结局内有不断的惊喜，在从第15分钟出片名开始，就有卧槽，到后面卧槽不断。没有彩蛋看完了片尾字幕，最后，我爱你3000次。,570,2019/4/24
人间过客,allstar40 rating,一个女人，一直以凡人的血肉之躯出生入死，她从未有过真正意义上的家人，从未和哪个喜欢过的人真正在一起过，最后还为了世界献出生命，死在了那么遥远的地方，死后甚至没有一场体面的葬礼，她的朋友们经过短暂的悲伤之后都像没事人一样几乎不提及她了，最后某人被全世界缅怀铭记的时候她几乎就像不存在过一般，还能再惨点吗？,535,2019/4/24
宇宙电影患者,allstar30 rating,复联3是一场寓言故事般的黑色歌剧，惊艳不为过。当所有人都在猜想复联4将用何种巧妙震撼的手法颠覆玩大了的复联3“真结局”，结果你发现他们压根没有准备在这个环节下功夫，只是以普罗大众的态度尽可能回归堆砌更多漫威内容，生拉硬扯直接放弃艺术输出，同时恭喜哲学家灭霸重新喜提服务剧情专用脸谱化廉价反派称号，只能说情怀爆表，电影不及格。,992,2019/4/24
Rafe,allstar50 rating,钢铁侠成为了美队，美队活成了钢铁侠。,9602,2019/4/24
昊昊的说。,allstar50 rating,"“I AM IRONMAN! ”
既是开始也是结束。谢谢钢铁侠，谢谢漫威给我们带来的欢笑、泪水、感动以及爱你的3000个日日夜夜。",8772,2019/4/24
大奇特(Grinch),allstar40 rating,其实我一直不喜欢《复联1-3》，尤其对过度拥挤的战斗场面审美疲劳。《复联4》于我来说是一种巨大的解脱，它不再仰仗战斗场面，而是有足够的时间来处理上一集所带来的影响。你在凝视着时间，时间也在凝视着你。这一集是整个漫威宇宙的顶点，也是漫威十一年旅程的暂告一段落，像一场告别，牵动着观众对他们喜欢的角色和故事的记忆跟情感经历。,448,2019/4/24
小人物,allstar30 rating,抱歉，这谢幕我实在吹不出口，剧情逻辑bug我都不care了，人物ooc和潦草处理真的不能接受。,877,2019/4/24
KarSa,allstar50 rating,谁能想到是一只老鼠拯救了地球呢？,8313,2019/4/24
雁落孤山,allstar50 rating,I AM IRONMAN.,7657,2019/4/24
梅西,allstar50 rating,凡人之躯 比肩神明 最后真的泪目,7257,2019/4/24
乐乎,allstar10 rating,将近300元买的杜比首映场，是真的不值。除了花里胡哨的特效外，一无是处，没有插科打诨和反高潮冷笑话，漫威就不会拍电影啦？花了十年塑造的人物形象性格在本作随意全部推翻，每个人所做的决策都不计后果，意气用事，幼稚且儿戏。巨作难逃烂尾，或许真的是个定律。,1929,2019/4/24
X教授的傻儿子,allstar50 rating,五星全给黑寡妇，她是最伟大的复仇者！！！,6965,2019/4/24
Theo,allstar50 rating,I love you three thousand times.,4127,2019/4/24
宁人干,allstar10 rating,不得不承认流量在这个时代主宰世界,1390,2019/4/24
|林Doning,allstar50 rating,"(不剧透，说一下我看复联4的经历)
为了看复联4的零点场，我平时省吃俭用，终于抢到了几百块钱的“皇帝座”，晚上还要翻墙出学校去电影院，看完了以后，还要早起去上课，为了看复联4，我也是拼了！
此生无悔入漫威！",3462,2019/4/24
肉まん君,allstar10 rating,"三小时超长CP混剪，还是水准贼烂的那种，十年你就给我这个丢人的玩意作答卷？
固定镜头吃概念美术，绿幕抠不干净，配乐莫名其妙，打戏除了队长solo部分其余全部不堪入目，剧本毫无逻辑全靠元素堆砌，人物弧光全线崩塌，更有甚者直接倒退回第一阶段。
收官之作竟如此敷衍了事，谁给你们的勇气把这种东西称作电影的？？？",886,2019/4/24
Evan☆,allstar50 rating,"看电影时:为了不剧透，为了更好地向奇异博士学习，那就只夸好看吧。
看完电影后:啊啊啊啊啊啊啊啊，我的黑寡妇，我的钢铁侠。
“我们赢了，史塔克先生！”
接受所有的结局，认认真真地说再见！
I love you three thousand times！我爱你三千遍！
I'm Iron Man.",2370,2019/4/24
哆啦A梦你在吗,allstar50 rating,我爱 小罗伯特・唐尼 / 克里斯・埃文斯 / 克里斯・海姆斯沃斯 / 杰瑞米・雷纳 / 马克・鲁弗洛 / 斯嘉丽・约翰逊  以及漫威所有的人！十年青春，感谢有你，此生不悔！！！,1646,2019/4/24
发条橙,allstar50 rating,午夜场首映观毕，全场掌声雷动，肆意狂欢，私心完美的史诗终结篇，但内心却是七荤八素、五味杂陈。在这一刻情怀可以暂时性的战胜一切，是一次总结，也更像是一次酝酿许久的毕业巡礼。热血、呐喊、震撼、共鸣、感动、不舍与怀念，11年22部电影积累的，所有按耐已久的情绪这在一刻得到彻底的释放与宣泄。多年来一切独属于漫威的记忆犹如昨日重现，历历在目。感谢漫威，给了我们广大超英影迷最美好最弥足珍贵的十年。每段旅程，都有终点，辉煌永存过去，未来来日可期，传奇暂时靠岸停歇，但故事远远没有结束。期待下一个十年，甚至是二十年，来日方长，不说再见～,1509,2019/4/24
Kairos,allstar50 rating,我有一个疑问，一切回到五年前，又不改变这五年发生的一切，那么问题来了，那些失去妻子或者丈夫的，又重新与别人相爱了，现在原配回来了，这怎么处理呀？,1187,2019/4/24
S,allstar50 rating,"始于钢铁侠，终于钢铁侠。
晚安，我爱你三千遍。",1076,2019/4/24
Leo.Smith,allstar50 rating,复仇者联盟4:全员蚁人,1025,2019/4/24
笑嘻嘻,allstar10 rating,无聊，文戏多到过分了吧。,767,2019/4/24
Ada?Wang?,allstar50 rating,"其实开头是一起宝石引发的血案，农民灭伯伯正在煮东西吃，被一帮亡命之徒闯入，还没有反应过来被大腹便便男子一斧头砍断手，最后被一群不法分子围殴致死，太惨了！
Great job for Marvel Studios ！如同魔戒一样悲喜交加结局才是最完美的，完结就是要疯狂致敬，某公司给我好好看好好学如何用22部电影铺垫一位史诗角色的陨落，这才叫生的光荣死得其所！而不是直接把王炸甩出去！Avengers4商业成功让所有的漫改电影都黯然失色，MCU成功继承了21世纪初XCU和TDK的衣钵，将美漫文化发扬光大。作为历史最成功的超级反派灭霸，罗素兄弟和凯文费奇居功至伟！MCU发展历程就如同一个潘磕嫦为高富帅，在好莱坞这片神奇地方英雄不问出处。MCU宇宙毫无疑问称得上其他电影宇宙学习借鉴的一个标杆尺度。
",992,2019/4/24
西楼尘,allstar50 rating,队长与爱人横亘七十年不能共舞，蚁人与女儿分隔五年未能相见，钢铁侠邂逅父亲期盼新生，雷神遇见母亲不忍分别。时间会给爱情设置衰老的考验，给生命带来变化的乐趣，会让未尽千言凝成一个拥抱，让遗憾万般聚成一场话别。天神拥有肉身，超能沦为凡胎，你是一千四百万分之一的胜利，是三千遍仍未尽的爱。,723,2019/4/24
掉线,allstar50 rating,【B+】漫威前所未有的复杂剧本，前所未有的史诗大战，前所未有的英雄悲歌。可以说，直到复联4，漫威才真正发挥出电影宇宙设定的魅力，一种跨越银幕内外的时代沧桑。甚至在其强大的情感力量面前，一切瑕疵和遗憾都可以被原谅了,572,2019/4/24
心生,allstar40 rating,最终能做到这样，已经是很棒的一部阶段尾声作品了，感觉信息量都要爆掉。有燃到炸裂的爽翻天，也有难以阻挡的告别。再见，未来还要再见！I love you three thousand times!,310,2019/4/24
Hashiku,allstar30 rating,冷静下来理性分析后，文戏拍的着实糟糕，过于依赖情怀对电影本身来说影响是坏的，同时在逻辑上也可以发现很多很多的问题。最后一场大战好看，但是也趋于一般水平，而引起我情绪跌宕主要是由喜爱人物的生死带来的。,546,2019/4/24
影志,allstar50 rating,一定要刷IMAX版！在被雷神妈妈“多吃点儿素”和傲娇蚁人“你才在重复说你说过的话，你才…”等段子逗乐之余，《复联4》带我们漂泊于理智与情感的回忆长河，从第一秒就注定感伤。黑寡妇“如果你让我积极的面对生活，我就把三明治砸你脸上”、鹰眼“不要给我希望”、雷神“生命中唯一的永恒就是生命的无常”、钢铁侠“你玩弄时间，时间就会玩弄你”、队长“- ta有家人吗？- 有吧，就是我们了”…止不住的热泪盈眶。“只要有人牵挂过去，就不会接受未来” 十年前《钢铁侠》出来时的惊艳，远远没想到它只是一个小开始。漫威宇宙大到让人猝不及防，看这部的时候在想，再过10年30年，这里面的英雄成为过去和经典，再回忆会是怎样的感慨万千。再见了，超级英雄~,427,2019/4/24
hellodantong,allstar50 rating,今年也要毕业了，漫威这代结束了，TBBT也结束了，权游也结束了，终要离别。,481,2019/4/24
同志亦凡人中文站,allstar40 rating,一桶爆米花吃了11年，突然没彩蛋的漫威还真不习惯。再见，英雄们~（罗素兄弟可以试试拍文艺片！）,250,2019/4/24
青泥,allstar10 rating,如果可以打负分，我可以打个负一亿分。有人牛逼哄哄的说，如果不喜欢这电影，说明你不是漫威粉，没看过全篇的故事。我自问电影看全，票房贡献够，漫画也算看了个几千本，但看来这电影的导演和拥护者觉得雷神粉没有粉格，或者他们概念里不存在雷神粉。那行吧，作为一个不存在的人，祝你们快乐。,658,2019/4/24
蜉蝣,allstar20 rating,一群好几百岁的人叽叽歪歪像一群青春期的小孩，三个小时的时长就靠没完没了的与过去的自己相遇+废话连篇。谁还没有个爱的人咋的！,2065,2019/4/24
火火火,allstar50 rating,"我永远地失去了我的英雄
但他直到死的那一刻也是让所有人敬仰的英雄
谢谢让托尼遇到了霍华德
谢谢让史蒂夫赶上了他的约会
谢谢让索尔见到了弗瑞嘉
谢谢队长的avengers assemble
感谢圆了他们的梦，也感谢圆了我的梦
感谢有你们的这些年
但是我真的太意难平了啊，我的初代啊",491,2019/4/24
女神的秋裤,allstar50 rating,最后还是有彩蛋的，最后logo出现时，有敲打铁器的声音，在我的记忆里，那个声音来自《钢铁侠1》中的那个山洞…最后绯红女巫身后的男孩应该来自《钢铁侠3》…不知道说什么好，过去的11年突然有了更深更复杂的意义，一生能够看到一部这样的电影，很值了。,412,2019/4/24
飞侠式拼搏,allstar50 rating,"11年，历经21部电影的铺垫，终于迎来最后的高潮。并且将它们全部串联在一起，这是史无前例的壮举，令人难以置信。
笑着笑着就哭了，哭着哭着又笑了……
以“I am Iron Man”开始，又以“I am Iron Man”结束。史蒂夫也赶上了约会圆了人生最大的遗憾。这是最好的漫威，最好的复联。此生不悔入漫威！！！
“Avengers，Assemble”，原以为复联3中瓦坎达大战就足够令人震撼，但这里还比瓦坎达大战强十倍。史诗般的大决战场面，MCU中的巅峰之战，超级无敌燃！！！
永远的A 6！感谢你们给我们带来的力量和信仰，欢乐和悲伤，惊喜和感动。我爱每一位超级英雄，我爱你们三千遍！！！
唯一不满的一点，辣鸡罗素，还我托尼・斯塔克！！！",388,2019/4/24
二十二岛主,allstar40 rating,一场盛大的终结，即使之前不是漫威粉丝，此刻也不得不惊叹于这场十年布局的精妙和野心。本质上是升级综合版的《逆转未来》，但是看到一幕幕曾经惊艳到我们的场景出现，不由得心生感慨，也不禁会思考，如果我们拥有回到过去的能力，会对过去的自己和想见的人说些什么？又是否能改变什么？从这个角度来说，这部终局之战更像是一部人性之作，它在探寻人在面临失去后的选择与处境，责任的担当与传承，当然还有必不可少的牺牲精神，随着惊奇队长的加盟，女权精神也得到了更为明显的展现。到最后还是落得白茫茫大地真干净，从谁身上引出的传奇自然由谁结束，娜塔莎在提到因为超级英雄这份工作变得更好的真情流露，可能也是所有演员们的心声。毕竟这22部作品确实承载了太多意义。,219,2019/4/24
尘与尘,allstar50 rating,"1我觉得就我个人而言，应该是漫威最好的一部，因为完成了十年的收官，做到了为所有人补全属于自己的那一面，不留遗憾。
2这电影不太符合豆瓣电影欣赏水平吧，但是在我们这个年代这样现象级的电影，是很完美的。算是青春吧。
3如果你觉得不好看，那说明确实不是拍给你看的。
4CP女孩哭泣之夜。
5爱你三千遍。",378,2019/4/24
王大根,allstar50 rating,星际大联欢，节奏把控得真好，武戏利落，文戏精练，笑点插得自然又精准，三个小时完全不显冗长。最喜欢的是这回整个故事的落脚点：再没有英雄、责任之类的长篇说教，有的只是想在时间长河中追回失物、追回所爱的炽热心情，毕竟最动人的故事不是拯救世界，永远是人与人之间的相遇和离别啊?,273,2019/4/24
柏林苍穹下,allstar40 rating,想打五星，也想给一星。,156,2019/4/24
晚不安,allstar20 rating,前20分钟真的以为罗素兄弟要捧出什么好菜，适量精准的文戏和反高潮的设置让我眼前一亮。然后电影就进入了前所未有的格外冗长的英雄重聚段落，紧接着是打着红旗反红旗的罔顾所有悖论的时空旅行。时间线变得空前混乱，拯救世界变得空前儿戏，好莱坞大片标准模式化叙事卷土重来。当生命变成某种可以轻易篡改的东西，它的诞生或者逝去就不会对观众产生丝毫情感冲击。这也就是为什么片末所谓史诗对决还是被世纪初的《指环王》吊打。所以，21部电影的铺垫，媒体的造神运动和公众的趋之若鹜，开启的不过是一场极度粉丝向的闹剧，一次对青春和情怀的过度消费，一次漫威宇宙的自我致敬/重复，一次超级英雄电影彻底暴露其娱乐商品属性的全民跟风运动。在零点场的抽泣、欢呼和掌声里，我感到自己是个彻底的局外人，是时候警惕创作者对荷尔蒙居高临下的操控了。,1761,2019/4/24
爱德没有华,allstar40 rating,I love you three thousand.,181,2019/4/24
枫,allstar10 rating,情怀是最没用的东西。,429,2019/4/24
keshenlalala,allstar50 rating,"看到一半电影院停电 也是6死了
2刷才发现 黑寡妇才是值得尊重 其他人都要放弃的时候 她坚持在基地 
一分钟后见
平安回来",352,2019/4/24
罗严塔尔,allstar50 rating,"老三巨头谢幕；为什么铁人要拿最高片酬；美队最强地球人“实锤”、70年前那支舞终究兑现了；论中年大叔的垮掉从有啤酒肚开始；反派终于面目可憎了；女权主义者的盛宴；女巫最赞不接受反驳；对漫画有呼应和斯坦李最后一次出境了；前作里的伏笔也基本上都接上了。作为21部一路看过来的人，表示挺圆满的了。
",255,2019/4/24
雨小农和獭祭鱼,allstar50 rating,买到了《复联4》预售票，一个人去电影院凌晨三点多看完电影一个人回去，很酷吧。所有你看过的剧情猜测都是错的，所有的伏笔和细节都圆满了。我的初心六人组，最后都获得了完美的归宿。不剧透什么，祝每一个在生活中一腔孤勇的我们，观影愉快。,246,2019/4/24
质异如星,allstar10 rating,这个剧情真是生拉硬凑强行煽情。果然是第三部玩大了，这次圆不动了。还好意思吐槽《回到未来》，勇气可嘉。,304,2019/4/24
来一瓶香槟吧,allstar20 rating,越来越觉得幼稚的电影，也很讨厌漫威所谓的宣传，相比较《指环王》，这电影简直暴敛天物，占用这么好的演员资源，求求斯嘉丽别再演黑寡妇了，演技都快没了，浪费我的IMAX钱，没看完就离场了，以后绝对不看首映了!,751,2019/4/24
wuwu-qq,allstar10 rating,剧情太容易被猜想到了，有点假，虽然是系列终结篇，但真的觉得没意思,250,2019/4/24
D.A.V.Delta,allstar10 rating,盾冬玩家彻底被割韭菜，不打一分对不起自己良心！！！,186,2019/4/24
平成御宅,allstar30 rating,对漫威宇宙无感、对超级英雄无感、对好莱坞爆米花无感、对超级动作大片无感的我，还是乖乖滴跟风刷了，原因只有一个：这百年一遇的卡司阵容实在是找不到拒绝的理由。,326,2019/4/24
陀螺凡达可,allstar40 rating,1 > 4 > 2 > 3,98,2019/4/24
神秘金针菇,allstar20 rating,I'm not satisfied.史诗级的片长，这么多年的铺垫，漫威本可以靠这部最终篇跳出商业爆米花的标签，谁知最后端出的依旧是段子、爽点的乱炖。一切都那么的刻意和不自然，就像女士们的突然齐步走，就像最后那一个响指，就像明明该是巴基却给了山姆。,641,2019/4/24
桑下,allstar50 rating,一个带有缺憾的句号。,229,2019/4/24
国王KING,allstar50 rating,“You can rest now.” 太过沉重的结局。各种意义上的，见证了一个时代的结束。 ,199,2019/4/24
农夫渔夫,allstar50 rating,愿每个人都能成为自己平凡之路上的超级英雄。,198,2019/4/24
趴,allstar20 rating,铺垫又臭又长，核心人物逻辑崩坏，并且永远在该认真的地方搞笑，你看我笑了吗？??,399,2019/4/24
Feixiang,allstar50 rating,很难承认，2019年度十佳将出现一部超级英雄电影。悲壮、史诗、深情，这些不曾存在于漫威字典里的词，在这终章中得以展现。对路人来说，这是一部逻辑自洽、节奏有序、编排得当的商业大作，对粉丝来说这是一场情怀至上的青春告别仪式。无疑，这是漫威11年最好的结局。另片尾其实是有彩蛋的（仔细听）。,182,2019/4/24
xiaoxixi,allstar50 rating,粉丝看了落泪，路人看了爆笑。腐女看了高潮，直男看了热血。漫威粉看了鼓掌，DC粉看了抱拳。,203,2019/4/24
白死,allstar10 rating,BUG太多，穿越设定太落下风，打斗还不如上一部，一个有印象的打斗镜头都没有。美队结局大BUG，地球科技太无敌，只要你想，无限宝石可以批发了。作为系列终章，太失望了,205,2019/4/24
Evarnold,allstar40 rating,为了造各种情绪效果、为了剧情必须走向某个点，为了让某些人活或死，故事已经无视逻辑了，为此只能送两个字：春晚。,130,2019/4/24
焚,allstar20 rating,片L碾y，前尚r既臭L又走板，最後定住全〉倪是第三集就埋好的[寓──F人和_Z斯，其是同一人。他z⒄x（秩序）追求VT於力量U增（U／F甲）的最KY果，必然⑹亲约狠浩渌N的正x，例如彼此。直到^αα刻咨鲜种傅囊豢蹋_Z斯x癯缮瘢|尼tx癯扇剩才出了他z`魂的分e。MCU的十年，本|是凫朵F人的十年。,179,2019/4/24
白白的,allstar20 rating,"铁人和灭霸一换一；寡妇一个人来一个人走；美队体验完美人生；灭霸吐槽我他喵被鞭尸两次；吃瓜群众都活了。
拖沓矫情的前戏+智商和实力飘忽不定的灭霸+打架从不抱团的妇联+刻意但硬不起来的牺牲+你不是漫威粉+死贵票价和时间=平庸的句号",189,2019/4/24
张咏轩Wayne?,allstar30 rating,文戏拍的确实糟糕，粉丝向的处理和运用，对路人真是不友好，过于依赖情怀对电影本身来说是坏的，同时在逻辑上也有很多问题和误区，罔顾时间悖论的时空旅行，让时间线变得空前混乱，大篇幅的漫威10年重要角色重聚，拯救世界变得空前儿戏，用最笨拙的方式自我致敬，却是最被粉丝买账的行径。摘除粉丝滤镜，全程流水账记事，角色牺牲在意料之中，但这样对角色生死大权的操控，还是不能附带所有的情感感同，当生命变成某种可以随意篡改的东西，它的诞生或者消逝就不会对观众产生太大的情感冲击。对于同样翘首企盼这部电影的我，这回面对所有电影院里的抽泣和痛哭，有种彻头彻尾局外人的感觉，这场悲剧，是对青春和情怀的一次过度消费，是漫威宇宙一次自我的重复致敬，它精明的调动了大众现下可拨弄到的情绪， 但我们是该警惕创作者再这样居高临下的操控了,239,2019/4/24
陆支羽,allstar30 rating,3.5。1.我们早已习惯了等彩蛋，这次却偏偏没有彩蛋。2.比初代超级英雄纷纷离场更让人难过的是，……涉剧透！3.对漫威迷而言，真的是十年一梦，美队雷神浩克寡姐鹰眼各有各的泪点，甚至独守花园的灭霸。4.试想，倘若惊奇队长始终在场，又会是怎样一番局面呢？,173,2019/4/24
fanwiki,allstar10 rating,"剧情混乱不堪，科幻的成分几乎为0,也就剩下情怀了。",164,2019/4/24
易如反掌,allstar50 rating,五颗星都给妮妮和寡姐，他们必须有姓名！！！！罗素兄弟，你们两个糟老头，坏的很。,146,2019/4/24
羚羊的灵魂,allstar50 rating,看之前别化妆了姐妹们，能哭掉你十层粉,125,2019/4/24
Thomas,allstar10 rating,比预想中还更糊弄的剧情，比上一部更少的人物，场面却更加失控，全靠观众自我感动。MCU十年，留下无数烂梗，即便被打碎也不会化成灰散落风中，恐怕再过十年也不会消失。,85,2019/4/24
有心打扰,allstar50 rating,1.我的漫威电影之旅从钢铁侠开始，也是从那一刻开始，他成了我最喜欢的漫威角色！2.影片精巧串联了系列作品，前面不疾不徐铺排线索，最后恢宏磅礴高潮迭起，非常满意，数次热泪盈眶！3.对于自己而言，这是一场告别，一个完美的完结！,113,2019/4/24
Stanley Suo,allstar50 rating,I AM IRONMAN,115,2019/4/24
彩蛋君KL,allstar50 rating,漫威用美妙的方式串联起前21部影片，每个我们熟悉的人物都散发着前所未有的光芒，感觉复联4不是一部电影，而是一场属于英雄们的授勋典礼。,91,2019/4/24
文帙三,allstar30 rating,确实是粉丝电影，比神奇动物2还要粉丝向，对超英没兴趣对演员没兴趣的，看不看无所谓了，特效也没多炸裂。,156,2019/4/24
乌鸦火堂,allstar50 rating,"世间所有的相遇，都是久别的重逢。首日二刷，IMAX+杜比，漫威宇宙的节点，初代复仇者谢幕，角色退役前与过往的叙旧，也带领观众完成记忆上的二次共情，整部电影就是大彩蛋，无数漫威宇宙梗个中体会，结尾更燃到极点，怎能不泪流满面。从电影的角度，该片不算完美，但谁在乎，情怀的力量，这才是“我们的10年”，承载的是一起走过的青春。结局是遗憾的，因为有人离去，但残缺,也算一种美，为了让我们更好的铭记，爱你三千遍",76,2019/4/25
倒霉熊打瞌睡,allstar50 rating,这一集打斗少，对话多，时间线穿越设计的很合理，很多之前系列电影的情怀，老玩家看了非常有代入感。两小时对话，一小时打斗，最后打戏精彩，集结的场面很热血。漫威十年，一代人的爱,101,2019/4/24
栖息左河,allstar50 rating,"I'm iron man
我爱你三千遍",72,2019/4/24
C R U I S E,allstar30 rating,拍的真是一般，高分多数都是情怀罢了。,133,2019/4/24
欢乐分裂,allstar30 rating,3.5；整个系列的全面回顾，在各条时间线上漫游宛如自身亦在神游往事，从2012年起的每个时间节点都历历在目，此系列予我的最大意义或许就是见证了自己如何渡过地狱一季，正如片尾传达的“活下去，才是最好的礼物”。仍是一部粉丝倾向明显的商业大片，但并不妨碍每个观众投射于其中的主观情感，我们在电影中相遇，然后同样在影院的黑暗中分离，目睹了一个世代的崛起及尘埃落定，这种与有荣焉的参与感更多出于自我感动，但又有何关系呢，尘归尘土归土，他们最终找到各自归宿，我们亦会。,102,2019/4/24
miierp,allstar50 rating,"朋友们，你们还在这里么？你们还记得复仇者联盟么？

你们过得还好么？

十多年了，当我偶尔遇到一个陌生人，发现他也看超级英雄电影时，我会欣喜若狂，与他畅谈半天。

尽管他看的是DC。

不看漫威，怎会懂它带给我们的感动。

《复仇者联盟4》上映的那一天，与那么多漫威粉丝欢聚一堂，已经值回票价了。",80,2019/4/24
zykmilan,allstar50 rating,"零点场，全球第一批观众之一。天啊我要给罗素兄弟疯狂打call，我相信所有漫威迷们你们想得到想不到的一切，在这里你都可以看到。哭过笑过，十年一梦。Each and everyone gets a closure, about past, about current, about future. 这是真正的史诗！已经很难在电影范畴来评价它了，这完全是给所有漫威粉丝的tribute。全片到处都是梗，真的是要补全全部MCU过往电影才能理解啊，如果还有人能整理全全片所有彩蛋，那我真是五体投地。然后最后也终于说出了那句这么多年来始终都没能喊全的、完整的――Avengers assemble! Enough, that’s enough...【PS：郑肯、真田广之和导演兄弟之一乔・罗素都来轧了个小角色，更不要说斯坦・李的最后的客串，全场飙泪鼓掌。另外，最后湖边长镜头扫过的人",73,2019/4/24
楠说与延李,allstar50 rating,"雷神没退休
死肥宅天下第一
堡垒之夜天下第一
反复痛击星爵引满室喝彩
时间穿梭严重违反祖父悖论，时间线应该属于不同的平行宇宙
不存在每个人永远消失，既然开了一次时间秘籍，过去的人是可以穿越回来的
你是这十年漫威最伟大的英雄
爱你三千遍，千千万万年",72,2019/4/24
维雪魂,allstar50 rating,此生无憾,62,2019/4/24
亵渎电影,allstar30 rating,虽然不是漫威迷，但也看了所有的漫威电影，虽然大部分是睡过去的，这部从一开始就把影片的基调定的很伤感，让所有CP相遇告别，让角色重回当年的场景，也是让观众跟这个超英宇宙告别，已经纯粹是一部粉丝电影了，拖拖拉拉的节奏和功能性太强的穿越设计，故事已经不重要了，最后满眼都是超级英雄们的生死和这十年的情怀了。,78,2019/4/26
蜉蝣,allstar40 rating,到终局罗素兄弟已经不是导演工作而是平衡工作了。平衡各角色戏份，平衡与前作的联系，平衡每部分情节时长分配，平衡特写交代与恢弘场景，最后平衡粉丝感情。基本在这些框架都搭好之后，也就没有时长再磨细节了。彩蛋梗不是情节细节谢谢。,66,2019/4/24
what'swilliam,allstar40 rating,4.2星。漫威为电影宇宙第一个十年画上了一个圆满的句号。1.漫威拿手好戏之一就是能把泪点笑点调和得宜。2.应该是漫威过去十年最为复杂的剧本。3.漫威十年到底谁是第一男主？本片给出了答案，所有设定走向结局是对漫威宇宙第一个十年最好的致敬和总结。4.美国翘臀绝非浪得虚名。5.灭霸果然和其他妖艳贱货反派脑回路不一样。6.每个人都有足够的理由加入终局之战，为了各自的挚爱。7.关键词：真假美猴王、周芷若舞屠龙刀、李莫愁联手小龙女。8.废章并非没有，结尾的处理也并不算完美，但在本片的完成度和里程碑意义的情怀加成下，可以忽略。,81,2019/4/24
南悠一,allstar30 rating,剧作平庸，叙述平庸。但有些时刻非常伟大：当人们面对灭霸这样难缠的魔头，不仅需要宣扬个人英雄主义的icon，还需要icon团结起来。PS：美队的翘臀诱惑指数满星，对美队结局非常不满。,108,2019/4/24
木卫二,allstar30 rating,地球人真厉害,57,2019/4/26
TWY,allstar30 rating,MCU拍到这个份上已经完全和宏大场景无关了，一切都是属于人物，然而人物关系虽然立起来了，但在太多时刻一切却都与摄影机无关，它竟会如此不在乎眼前的空间和英雄的悲伤，这部电影再次显示了罗素兄弟面对超大格局叙事时的无能和混乱（反观《美队2》中恰到好处的角色数量和设定），不过总的来说这部终章还是给出了一些属于这些角色的动人时刻。,77,2019/4/24
谢谢你们的鱼,allstar40 rating,《复仇者联盟之漫长的告别》，勒保斯基的梗我能笑一天。,61,2019/4/24
科科，千,allstar50 rating,最好的漫威，最好的复仇者们,80,2019/4/24
雅典娜,allstar10 rating,果不其然战斗场面仍然只会八百标兵奔北坡两方人马跑跑跑。对前人作品的恶意醋意溢出屏幕。抖机灵，把所有时间穿越类科幻作品鄙视一遍之后自己搞出来一坨屎，屎上还爬满bug。锤哥真是倒了八辈子霉，角色直接被毁，其他角色也没好到哪儿去。节奏一塌糊涂，煽情刻意，西皮则当作嗟来之食望你脸上扔。唯一一星是给各位演员的，这样豪华的阵容怕是很长一段时间都难再见了。,55,2019/4/24
namine,allstar20 rating,我的漫威初心不是钢铁侠，也不是美国队长，是2011年的雷神托尔，这部电影我贡献了三次票房，并在看完之后注册了豆瓣，写了第一篇豆瓣影评，这也是我标记的第一部电影，对于看过复联四的人，我想我没必要再说下去了。,62,2019/4/24
二火山,allstar40 rating,刷了三遍，切身体验为，零剧透+IMAX+粉丝场为最佳观感。作为一部全民情怀向的终章，有遗憾但很圆满，每位观众对自己喜欢角色投入的感情决定了他们各自对复联4的理解，利用穿越时空来回溯过去是对观众十一年支持最好的礼物，那些意想不到的惊喜就像彩蛋一样埋在正片里，令人兴奋。漫威这个阶段的成功，离不开全球观众对一代复联倾注的感情，他们像家人一样，成为永驻我们内心的角色。,59,2019/4/24
李小丢,allstar50 rating,真不好划分什么叫剧透，那么就单纯表白一下我最爱的美队吧，尽管他的一生大部分时间都是悲剧，可他一直是那个激励别人的人，仿佛他不会有丝毫脆弱。就像灭霸打完响指之后，有的人沉沦，有的人自责，有的人逃避，他却带着微笑鼓励每一个普通人move on。实际上，他才是那个永远无法move on的人，他一直活在过去，虽然他有了那么多新朋友，有那么多人需要他，但他毕生所求，无非是兑现那一支舞的承诺。,45,2019/4/24
殇潮|Enigma,allstar20 rating,这剧本大概是个普通fanfic水平的卖情怀，剪辑还烂成这样，完全不知道导演是干嘛用的……,49,2019/4/25
徐若风,allstar50 rating,"4星+1。
11年，22部电影。从2008年那句“我是钢铁侠”诞生而布局的漫威宇宙，一路走来，所有的回忆都汇入《复联 4》的三个小时之中。
电影展开剧情的手段，也许在你看完《复联3》之后就能依稀猜到。的确，也没有别的方法再来复活他们。但即便是新壶装旧酒，《复联4》仍是一部充满了趣味与感伤，且并没有生硬煽情的作品。
作为一列串联起漫威11年的“情怀过山车”，客观而言，《复联4》并非尽善尽美，但它仍将之前的所有作品中所预埋的包袱发挥了出来。它是我个人心目中的“漫威宇宙至今最佳”。",44,2019/4/24
麻绳,allstar30 rating,没啥故事，烂大街的穿越梗，就是个漫威联欢会，想办法让以前的主要人物都出来露个脸，说说话，比划比划，比第三部差远了。睡着两三次，一次眯了一下一睁眼就看那XXX死了，刚才还聊天呢啊……没彩蛋，看完赶紧上厕所去吧。,47,2019/4/24
孙学文,allstar50 rating,灭霸穷尽一生只为一个平衡的宇宙。看到他最后坐在那等待命运的降临，我的心都碎了。,50,2019/4/24
字母君,allstar20 rating,"看过沙马兰的《不死劫》三部曲后再看这种虚假的“悲壮”，感觉妇联4简直是过家家……
漫威系列至今为止第一部完全拒绝非粉丝观众的电影，剪辑运镜依旧延续之前的“漫威样板戏”风格，结尾人人有镜头的大联欢，影院中欢呼声与“这谁？”此起彼伏。穿越设定终于有了一丝久违的科幻味，穿越戏的处理方式（说白了就是套拍和素材回收）放在超英片里也算是一记不错的情怀杀，谁能想到波特曼会以这种形式回归呢？但设定漏洞和OOC简直多到完全不能回头想，跳崖抢先战和手套接力赛两场戏之荒诞堪比闹剧。而且，就这么点戏份，真有必要拍部《惊奇队长》铺路么？",61,2019/4/24
千寻亿选,allstar20 rating,对路人不友好的粉丝向电影，三个小时真是超级拖拉，前一个小时全是尿点，完全可以上个厕所抽支烟再和门口检票的小姑娘劈劈情操，中间一小时文戏也太多，最后一小时高潮。平行宇宙和时空穿越bug太多，无力吐槽，打斗也少，不够爆米花，复联系列还是第三部最精彩,50,2019/4/24
曾良君,allstar50 rating,故事和超级英雄都有落幕的那一天，旧的故事业已结束，新的故事正要开场。让我们在回忆的小径上多走几步，旧友重相逢，想做超级英雄的人成为了真正的超级英雄，失落的时光也在另一个平行宇宙被重新拾起，没有比这更好的结局了。,36,2019/4/24
ｋīＳＳ_∪,allstar30 rating,中规中矩，排除粉丝滤镜我只能给3分,57,2019/4/24
大海里的针,allstar50 rating,《复联4之颜值大逆转》：惊队之前有多丑，现在就有多帅；雷神之前有多帅，现在就有多丑……影片质量不用多说，史诗、高燃、悲壮！,37,2019/4/24
Valery,allstar30 rating,本最该有史诗感的一部却在史诗感上让人失望了，漫威在插科打诨全员嘴炮吐槽这个写法上用的有点过了。不过结局美队的选择和那支舞倒确实惊喜到我，他的人物落点也圆满了。,54,2019/4/24
猫小珥,allstar20 rating,从首部到终篇因为故事线过多而剧情显得散乱的问题如今倒也成了风格 尽管觉得从某个角色着重讲述会有更好的结果 但也只能说是萝卜青菜 可为了煽情而让某人没有足够铺垫的拿起某个东西实在让人莫名其妙 当然这是小问题可以忽略 然鹅前半部分缓慢的节奏（后半段有所改善）和后半段祖母悖论导致的无法自圆其说的逻辑漏洞实在让我忍无可忍 当然对于狂热粉来说可能根本不会考虑到这些吧 早就被十多年狂热的情绪无视了一切bug 所以电影啊终究看个各自欢喜 但是如果想自己好好享受这部作品 切忌粉丝场 吵得影响观影体验,73,2019/4/24
贾凡的仙女棒棒,allstar30 rating,时间线混乱，毫无逻辑可言，只有后来的战斗场面让人热血了一点。人物ooc严重化，特别是锤和队，先是把队13的感情线强行抹掉，后来为了自己而抛下巴基，无论是队长还是Steve都不会做出这样的事。雷神更狠，仿佛把雷神系列里的成长直接抹杀掉，整部电影都被沦落为笑柄，雷3的天神不复存在。,60,2019/4/24
黄青蕉,allstar40 rating,从来没有哪一部电影打怪需要开这么多主角光环呐！同样一波怪复联一五个人就打了！编制严重冗余！你们港是不是这个道理！,39,2019/4/25
予己一书,allstar30 rating,"1  说真的diss别人写影评插科打诨，这部电影不是吗？
2  前面一半每个角色看着悲痛，但还是时不时说着段子（冷笑话）。
3  回到过去见亲人，或许对粉丝很友好但真的有点巧，为了情怀加彩蛋bug层出不穷这真是一部好电影该有的？这会还是有各种投机取巧的段子。还有星爵听歌那段，我真的不是在看抖音？
4  黑寡妇死跟钢铁侠死气氛的确营造的不错，这里加分。
5  惊队的意义就是把漂泊在宇宙的钢铁侠救回去，然后对电影推动起不到任何作用。
6  上面一点就暴露了一个问题，一部电影讲述的人物过多就会碎片化，更何况还有那么多没有实质性意义的角色，三个小时显得非常拖沓。
因为是这阶段mcu最后一部电影。7分",46,2019/4/24
荔枝超人,allstar30 rating,前1/3 part，看几位超级英雄洗尽铅华过着常人的生活、体验着世俗的情感，几场戏下来还是有不少触点。然而接下去，不争气的我又睡着了……,43,2019/4/24
天亮天黑,allstar50 rating,凌晨三点看完，花了十五分钟离开电影院，此刻只想尽快回到家，抱抱熟睡中的女儿和爱人。,47,2019/4/24
Enjolras,allstar50 rating,先说一句，没有彩蛋，望周知。,50,2019/4/24
冰山的阴影,allstar30 rating,「总是在记挂过去的人，永远都不可能创造未来。」――紫薯の哲学家・阿灭,41,2019/4/25
芦哲峰,allstar40 rating,漫威十年，岁在己亥，暮春之初，会于世界各地之影院，修禊事也。群贤毕至，少长咸集。仰观宇宙时空之随意穿越，俯察超级英雄之数量众多，所以游目骋怀，足以极视听之娱，信可乐也。,33,2019/4/24
吃半个欧包,allstar20 rating,"Revenge! 希望他们可以有一个好的结局。另：写在影迷盛典后，之前一直觉得导演对一些角色很不重视，似乎很草率地决定了他们的命运，但后面慢慢才发现为了MCU这个整体，的确需要在一些方面做出让步，影迷盛典上主创们真的很让影迷感动，所以无论如何，谢谢他们。

写在观影后。
感觉完完全全被辜负。逻辑实在太乱，剧情破碎，仿佛是一场为了让卡司登场而展示的大卖场。
十年，结局不过如此。",66,2019/4/24
瓜瓜饼饼,allstar10 rating,原谅我真的不懂，特效确实很牛叉，但是剧情和国产烂片有什么区别。,60,2019/4/24
孔府小鱼,allstar30 rating,我仍然可以为我爱的超级英雄们尖叫，但是蹭了那么多时间穿越电影的逻辑漏洞，自己的时间线已经是筛子，剧本逻辑太差了。,51,2019/4/24
扭腰客,allstar50 rating,I love you three thousand times.这么多超级英雄里，其实最喜欢蚁人了，诙谐、市井，还带有几分俗气。这才是你我这等凡人熟悉的人间烟火啊。,35,2019/4/24
黑狗成,comment-time ,最后一手龙头棍传得，不愧全球最大抢钱黑社会。,49,\
Thor(in)Asgard,allstar30 rating,如果上一部因为某个原因多打了一颗星的话，那这一部因为同样的原因只能扣掉一颗星了。而且不知道为什么在片长要溢出的情况下，仍然要加很多无意义的笑料。,48,2019/4/24
UUUUUUUUU,allstar10 rating,....漫威，你要搞情怀我理解，你想打断同人所有路子也行，你要让英雄去过自己的日子也能理解。但这样的结局几个意思，真的没必要，没必要连带着把人姑娘原有的生活都给吞掉了，也没必要那么生硬的选择无视背后另一个过时之人。没必要。,62,2019/4/24
Ani'mal,allstar30 rating,换导演好吗？拍成这样对得起那些英雄吗？仿佛官方同人短片集锦，大场面指环王的格局，海王的实操，节奏还不如呢。结尾想想超人之死那一段，真诚和扎导道了个歉。片不好好拍，营销倒是一套接一套。,71,2019/4/24
LORENZO 洛伦佐,allstar40 rating,全是和解与放下，全是欢笑与泪水。电影因为故事太面面俱到所以不完美甚至有些粗糙，然而依然感谢漫威陪伴的这些年。,28,2019/4/25
慕容复,allstar50 rating,应该说故事的走向和人物的结局和我猜的差不多。后半个小时，影院里好几个女生已经哭的泣不成声了，我对影片倒没啥特别的感受，只是回想起看《钢铁侠1》时正好是大学的毕业季，也是不由得感慨，什么东西加上时间这一纬度，意义立即就变了啊。,38,2019/4/24
善始善终,allstar50 rating,结局真的挺意外的，美队和钢铁侠之间的情愫、寡姐与鹰眼之间的感情，还有发生巨大变化的雷神和绿巨人、搞笑担当的蚁人和银河护卫队都是电影中最靓丽的风景线。每个传奇都有终点，正所谓善始善终，我觉得漫威做到了。离别是为了下一次能更好的再见，我相信有些时候说了再见就一定会再见。谢谢漫威，谢谢你们，Avengers。敲到这里不知怎的眼泪悄无声息的流下来了，这种感觉可能只有影迷们才会明白吧。十年青春，十年漫威。十年变化很大，十年我从一个什么也不懂的孩子变成了青年，十年我得到了至爱又失去了爱情，十年真的能让一个人改变很多。哎，想说的话太多。哎，真的很感谢你们，真的。,74,2019/4/24
工部侍玩,allstar30 rating,所谓的情怀，并不足以掩盖这部大乱斗电影的平庸,70,2019/4/24
洋聪电影,allstar40 rating,我是来分析票房的，估计在30到35亿之间……原因有3点，          1复联3票房23.9亿，惊奇队长票房10亿，按照这个算法大概有三分之二的人看了复联3没有看惊奇队长，漫威的片子要连续看才连贯，这些没看的人估计在等网上高清，很遗憾现在23号了，我看了下网上还是没有高清版，只有偷拍版，这个因素或多或少会影响一些人去看                   2复联3是150分钟复联4是180分钟，多了半小时，这就意味着相对复联3每天会少排一场，少一场总的收人会少很多 ，不排出票价涨但是最多前10天，                3还是时间问题，180分钟三个小时，说实话一般的路人尤其是妹子真的很难坐的住的，这部分观众会流失不少的…反正本人已经贡献了24号的125元的IMAX票,41,2019/4/24
绝望主妇日记本,allstar50 rating,一想到灭霸还统治着宇宙，我就寝食难安//我恨剧透，害我从头哭到尾，看到灭霸vanish就还挺悲情的,2,2019/4/28
私～川流,comment-time ,我以后不看美漫了，行了吧。?_?,66,\
兔子兔子不开花,allstar50 rating,"我不接受我要求重拍！！！

灭霸就是太着急纠正自己的错误 他应该悄悄记下来 跟着时间线走在第一次集齐宝石打响指的时候 不灭掉一半而是全灭掉 他就赢了。",64,2019/4/24
苍海王子,allstar30 rating,这电影拍得不像是一家大型影视公司的憋了很久的阶段性答卷，反而像一家濒临倒闭的影视公司为了在倒闭前最后一次回馈老客户而强行凑出来的作品。/看完之后瘫在凳子上有种说不出的寂寞， 老人居然全部一下子退场了而不是陆续退场，并且并没有培养出靠谱的接班人，接下来你们打算怎么拍呢？/其实还是可以拆成两部讲得清楚一点。,60,2019/4/24
z片r代,allstar30 rating,营销满分，赢得是流量。作为漫威系列的终结篇，评分虚高（可能是我的期待值过高）,43,2019/4/24
fmmp,allstar50 rating,我爱所有的初代复仇者们，真的不忍心就这样终结了。漫威创造了你们，你们也成就了今天的漫威，感谢你们给了我们如此美好的青春记忆，love you all！！！！,69,2019/4/24
西帕克,allstar40 rating,罗素兄弟难得拍出这么多怀旧又伤感的文戏，绝对是一部跳出框架，充满创新的超英电影。但作为一部穿越电影，却简单了些。没有时空悖论，让所有黑暗的可能性，从源头被掐掉，把故事控制在一个直线的范畴中。但其实穿越最吸引人之处不是改变未来，而是弥补过往，从这个角度来说，罗素的处理又无可厚非。,23,2019/4/24
rivert,allstar10 rating,一场长达三个小时的大型过家家，最后居然没有彩蛋，害得我白等十分钟。摔！弃剧了,52,2019/4/24
НастяCyan,allstar10 rating,对美国队长史蒂夫罗杰斯和对雷神索尔人格和过往的极度侮辱 恭喜你 恶心和逼走真爱粉 漫威你做到了,62,2019/4/24
沙雕电影,allstar50 rating,我不知道复联4最终能打破多少票房纪录，但我知道今天肯定打破了上班请假人数的纪录。,39,2019/4/24
爱的镇魂歌,allstar50 rating,穿越往昔场景是对漫威电影十一年历程的一次大回顾，兼具情怀与笑点能充分享受每一个或曾淡忘的细节。夺回消逝的战友再度集结起全明星阵容时，所有铺垫随情感在此一刻爆发开来，当年六人小队，如今千军万马，走到这一步戏里戏外都堪称奇迹。两大支柱双双谢幕标志着一个时代的终结，虽说旧的不去新的不来，但复联4已经像是划下句号般遗憾而圆满，很难再以与过去相同的心情去期待今后MCU的展开了。,42,2019/4/24
rune1121,allstar30 rating,给自己十年的情怀买个单，怀念自己打五星时代的漫威，真的对迪斯尼流水线严重审美疲劳，这次还给我带水分的，迪斯尼完美诠释什么叫流量电影，其实这部电影看的重点就是那些明星偶像超英说说话蹦蹦跳跳而已，观众不断告诉自己这是最后看到这个看到那个，祭奠自己的青春，抛开这些真的没有什么亮点，电影并不是很出色，甚至有些无聊，我有时候很羡慕那些流量明星的粉丝，他们一定很幸福，看自己的偶像都是最美的最好的，可惜我做不到了，以后没有美队 钢铁侠 雷神可以轻松告别漫威。,45,2019/4/24
翻滚吧！蛋堡,allstar50 rating,抹完眼泪还是想说，Lebowski的梗我能笑一年,46,2019/4/24
人家不是猴哥啦,allstar40 rating,坑挖的太大不好填,45,2019/4/24
突然粉碎,allstar50 rating,复联4是对所有经典时空旅行题材电影的重大颠覆，有一套较为独立且自圆其说的穿越观，超级英雄会老会死，但是他们后继有人，真・妇联诚不欺我，惊队短发A爆了，美队终于补上了欠佩吉的一舞，更补上了欠自己的一生，托尼・史塔克，我会永远记得你的名字叫钢铁侠,26,2019/4/24
懒羊羊的蛋糕,allstar30 rating,那些出生入死的CP，最后，死的死，肥的肥，剩下的搓堆儿搞BG老婆孩子热炕头，这样一看，死和肥也不失为侥幸,40,2019/4/25
钟爱华语片,allstar30 rating,漫威粉丝的狂欢……各种溜粉，导演还是知道观众想看什么，感觉路人口碑要崩……太多bug，比不上指环王,61,2019/4/24
detectiveeva,allstar30 rating,你要说给1星吧，肯定招黑，最后乱战怎么也值2星。姑且三星吧。漫威这套电影使得近十年商业电影有了捷径。这时期又是国内娱乐生活的爆发期，也就是看电影的人多了。对所谓的英雄崇拜。对于我们从80-90年代看少年漫画和游戏长大的来说。无论人物还是剧情都没什么特色，无非看看特效。无剧情与所谓的情怀支撑起了系列。我也不是都不喜欢，博士和蚂蚁就很好看，人物命运的改变，比较具有戏剧性。内战也不错，美队有几段挺不错的。不过复联系列，杂糅个人经历的大排档，在我看来很正义联盟也差不多。我觉得有几部独立英雄电影更好看。黑寡妇的间谍，博士的魔法世界大战，蚁人对抗犯罪组织，如果能有续作，我会很开心的。,37,2019/4/24
jisai!,allstar30 rating,不是很好看…剧情拖沓，感情戏又臭又长又乱……泪点没有燃点没有就只那几个镜头很好笑…惊奇队长就是个扛飞船的伙夫看不懂她存在的意义。喜欢的英雄还是很可爱的?,58,2019/4/24
Dr.Ray,allstar50 rating,想要的都给足了。害怕的都没发生/在预料范围内。情怀杀吃到饱。比肩指环王的最后一战。没有遗憾了。铁人粉知足了，MVP送给美队！！,53,2019/4/24
kopde,allstar50 rating,在另一个平行宇宙里，Loki还活得好好的。。,35,2019/4/27
：-）,allstar50 rating,妇联在中国死的最晚，复活的最快！ps：今天刚顶着被辞退的风险看完妇联4值了！?！期待下一个10年！,38,2019/4/24
判官,allstar50 rating,零点场看完急着写稿子语无伦次。本来看前一肚子气，而自己本身只是个伪粉，只想看脸和身材，结果完全超出预期，情怀这俩字永远吃香并且是超级王炸。好多梗我都能get到，你就不得不佩服这个系列作为一种文化现象是多么的成功。我想说不要排斥不要恶意，作为青年一代的精神寄托自然有他的价值点，而这场落幕罗素兄弟非常圆满且妥帖的完成了，复仇者们并不拘泥于纸片人，而是有血有肉有灵魂，否则观众不会又哭又笑又尖叫。很难归于类型片，更像一场盛大的狂欢，既疯狂激情，也黯然柔情，是多面体是大众化，也是当下社会和平行乌托邦，这不正是巴赫金的“狂欢化”吗？再加上前21部的拼贴秀，超英做到这个份上，值了。,29,2019/4/24
影探,allstar50 rating,最后还是有彩蛋的，最后logo出现时，有敲打铁器的声音，在我的记忆里，那个声音来自《钢铁侠1》中的那个山洞…最后绯红女巫身后的男孩应该来自《钢铁侠3》…不知道说什么好，过去的11年突然有了更深更复杂的意义，一生能够看到一部这样的电影，很值了。,35,2019/4/24
基瑞尔,comment-time ,大多数的剧情朝着既定已知的方向发展，情绪是真，套路卖情怀也是真；Marvel对Gwyneth真的是亲女儿了，片尾咖位那么后面，而且当中还有一句和Downey的台词是推销影后的那个不知所谓的“Goop”生意，我:??? 最触动的是Peter Parker递给Carol手套那里，数代女性角色得以（接近）全员集结，虽然画面定格不过几秒又略形式，但从最开始的花瓶配置常换常新，到发出声量的惊队等更多，她们同样走过了太多。*To every AWESOME sheroes*,23,\
方立天,allstar20 rating,预想太高   过分失望   3小时的喜剧片,55,2019/4/24
Lorca,allstar50 rating,这次真的全球最早 其他4.24的地区和国家因为零点场和时区等原因 大陆观众将成为最先知道全部剧情的人 给力（4.24看完打卡 精彩绝伦的巅峰史诗 笑点哭点都有 剧情非常棒 零点场气氛极佳 欢呼鼓掌 我爱他 ,48,2019/4/24
恶魔的步调,allstar50 rating,无处不在的告别复调。一个超级英雄概念的完整生命周期。这集里开始的钢铁侠和最后的雷神合体的话，会产生什么超级英雄知道吗？弹簧人贝尔。,19,2019/4/24
曼珠沙华,allstar50 rating,果然蚁人是是扭转一切的关键，不过怎么看都像个民科,38,2019/4/24
薇_尼卡,allstar50 rating,其中两个镜头哭成狗，看到光圈出现时内心涌起了无数的回忆。十年了，感谢相伴。,21,2019/4/24
猫咪建筑师,allstar50 rating,"So long, and thanks for everything.",22,2019/4/24
Panda的阴影,allstar50 rating,感谢《复仇者联盟3：无限战争》里「星爵」背黑锅打「灭霸」头的那三拳、「雷神」最后没有劈到 「灭霸」的头……所以我们现在能看到《复仇者联盟4：终局之战》。―― 看过N次零点首映，还是第一次看半夜3点15分场次的电影，也算是成就了一次特别的观影经历。―― 前面人物众多、线索庞杂的文戏感觉对冲着看爆米花动作片的路人可能不太友好，但追过漫威电影宇宙系列电影的粉丝（比如一部不落的我）应该会倍感亲切，当《复仇者联盟》《银河护卫队》……等等曾经熟悉的电影桥段画面、演员角色接二连三相继出现时，真是给我一波又一波的惊喜；而在《X战警：逆转未来》式的剧情铺垫后，最终《指环王》感的终局之战更是看得我热血沸腾。,30,2019/4/24
寒枝雀静,allstar40 rating,B / 超低配《云图》×《头号玩家》的“元”MCU超英片。漫威用一种暴露其庞大文本运作机制的无耻方式，从颓废的虚无到崇高的战斗再重新建立起和平的轮回假像，全方位赤裸裸地炫耀了它作为虚假的消费符号如何将我俘获并用最后一镜轻描淡写地戳破这场“出窍”的梦境。仿佛空海最终找到了“无上密”，加菲最终潜入《银湖之底》，我似乎也意识到了自己观看的一片空洞不过是自己内心稚嫩的成长史，可是我到底长大了没有呢？,17,2019/4/24
SELVEN,allstar50 rating,87/100 非常大胆的突破了商业类型片的某种特定结构，这个选择对于这种级别的系列电影真的值得佩服的一件事。十年复联以这个故事结束也足以展现出漫威影业的极度耐心和深谋远虑，它不是简单的一个结束，而是一次意料之外又心服口服的全盘的回顾，十年前漫威为数亿观众创造了一个超现实世界，十年后他们又亲手将观众打回现实世界，感受超越超级英雄类型片的结束。复仇者联盟是我们这个时代的超级“星球大战”。,17,2019/4/24
super力,allstar50 rating,"或许会有下一代的超级英雄，可我已经没有下一个青春了。
这绝对是漫威最伟大作品！你自认是天命，但我是钢铁侠！托尼再一次以凡人之驱，比肩神明。观影过程中影厅数次响起掌声，特别是那句“九头蛇万岁”，全场爆笑。最后英雄集结的史诗大战，足以留名影史，极其高能炫目，每次都能看到惊喜，这大概是身为漫威迷最幸福的事了。
美国锤神做梦也没想到有一天会对自己说“I can do this all day”，不过这一次他没有错过迟到几十年的约会。肉装雷神也承包了大部分笑点，勒保斯基的梗出自科恩兄弟的电影《谋杀绿脚趾》，调侃雷神和主角的外形相似。MCU把之前每一部电影都完美串联，遍地彩蛋，各种桥段嫁接只能用完美来形容，漫威真的是用心在做电影。
告别是一件很难的事，但早晚都得适应它。",38,2019/4/27
诸葛若见,allstar50 rating,你们有星战，他们有星际迷航，而我们有复联。壮烈如同史诗，让人热血沸腾。辉煌过后，总是落幕。复联是黑寡妇的家庭，是美队的梦想，是雷神的救赎，是钢铁侠的守护，是蜘蛛侠的爸爸。,25,2019/4/24
猫苦艾。,allstar50 rating,漫威打造了自己的头号玩家，甚至场面更壮观。一会哈哈哈哈一会卧槽，这是最好的告别。下一个十年，星系级战力该是起步了吧。,37,2019/4/24
大瘦瘦,allstar30 rating,所有人都出现了，但没等来范冰冰和王学圻，所以我哭了……,21,2019/4/25
Ariana Grindr,allstar30 rating,群英荟萃，萝卜开会。喂，物价局？,23,2019/4/25
乐山小佛,allstar50 rating,意想不到的有史诗感。这十年，你可能经历了钢铁侠的少年得意，可能经历了美国队长的弄巧成拙，奇异博士的东山再起，黑豹的不堪回首，惊奇队长的无人问津。但是回头看，这些林林总总都变成了复仇者联盟4里的意义。俱往矣。,14,2019/4/24
嘟嘟熊之父 ?,allstar40 rating,钢铁侠双子，美国队长金牛，黑寡妇天秤，雷神白羊，绿巨人摩羯，鹰眼巨蟹，蚁人水瓶，浣熊处女，蜘蛛侠射手，惊奇队长狮子，星云双鱼，灭霸天蝎。好想看复仇者联盟集体参加一季Survivor。,17,2019/4/25
何婊砸,allstar50 rating,千军万马，气吞山河，最后一战，誓死力搏！史上最佳超级英雄片！！！！！！！！！！先不剧透，那个谁谁我的那个谁竟然有出现啊啊我惊讶得椅子都坐烂了！！！！！Jeremy Renner的鹰眼痞帅痞帅到我融化了！！！！！Brie Larson的惊队在片里果然很美～真田广之叔也爆帅我的天！！自《哈利・波特》系列后，我们竟又要告别一个时代！十年无悔入漫威！感谢MCU的每一位演员！感谢Sebastian Stan感谢Scarlett Johansson 感谢Chris Evans……感谢Stan Lee！Hail Hydra!!!!!!Hail MCU!!!!!,13,2019/4/24
伊谢尔伦的风,allstar30 rating,好的地方也有，但不好的地方也特别显眼……,20,2019/4/26
小瓣生?,allstar50 rating,"当我们抬头仰望那些星云诡谲尘土飞扬的战争奇观，差点都忘记了这些:他的每一次出发，都准备好将以凡人之躯去熄灭远征的战火；他的每一次执盾，都宣告着要以钢铁之心来承受百年的孤寂。天神之子召唤着雷电，唤不回至亲一次回眸；灵魂之巅手握着宝石，抓不住此生最后拥抱。
拂开金灿的光圈，归来的是那些来不及告别的面容；穿越量子的宇宙，却再也无法走到你的身边。纽约大战的旋转镜头再起，眼泪伴随着年轻的号角簌簌落下。
大雨滂沱的罪恶城市有人握住你的手，荒芜废墟的流浪地球有人守候着银河中你的方向，沧海桑田的光阴背后有人爱慕你一生的容颜，终局之战的新兴世界有人怀抱着你的爱继续前行。
这不是最完美的收官作品，这只是最深情的告别仪式。始终坚守自己、为爱全力以赴，这便是最好的人生，无须重头再来。",21,2019/4/24
汪金卫,allstar40 rating,一刷3D效果一般，二刷IMAX3D掌声欢呼声哭泣声此起彼伏气氛超棒。漫威这回先发了让各种CP粉尖叫鼓掌的大把官方糖，再催虐下漫威粉丝们的伤心泪水。作为商业片已远超预期。几部前作/前重要配角的重现设计非常出彩，在角色减少的前提下三小时高潮迭起节奏把控精准完成度极高。佩服罗素兄弟敢做敢为。“老猿挂印”是为了“新人要出头”。是复联1的延续、复联3的镜像，更是系列彻底圆满的分水岭。原来的归原来，往后的归往后。不过系列一贯缺点依旧：原始人打架般的战斗/事后诸葛马后炮/主角是否有不死光环只取决于官方强行设定/某些喜剧梗还是尴尬。最厉害的惊奇队长竟成最大酱油,18,2019/4/24
路西法尔,allstar30 rating,感觉终于从这个系列里解脱了。绿幕电影从根本上讲欠缺的并不是现实感或现实主义，而是欠缺阿甘本所说的将现实“提纯”过程，它从诞生起就是高度纯净的，全程亦受到精密的控制，尽管这样的效果美轮美奂，但我真的是受够了。,19,2019/4/25
依然,allstar50 rating,十年一梦,3,2019/4/27
妙可中国,allstar40 rating,漫威有史以来最大的手笔和最高难度的剧本，情感的喷涌和英雄的收尾意料之外却又恰如其分，不愧于宣传所言的十年布局。其实只有这十年一部部看过来的人才能明白，全员集结的画面不仅是电影情节，对于我们这代九零后来说，那是一步步走过来的成长印记。ps：确实第一次凌晨在中国的电影院看到这么多待入场的观众，是啊无论漫威片多糖水无脑，可这个系列的确是属于我们这个年代的（星球大战）和（夺宝奇兵），再过二十年无数人会疯狂怀念这一晚，以及他们的青春。世界上不会再有第二个挥出热血之拳的史泰龙，就好像不会再有第二个刻骨铭心的唐尼jr。,17,2019/4/24
草威,allstar50 rating,妈呀，这也太好看了吧。,12,2019/4/25
YthguaN,allstar50 rating,铁人千古 漫威万岁,10,2019/4/24
放开那个浪味仙,allstar40 rating,"Farewell,Avengers.一个时代结束了。",27,2019/4/24
陈矮,allstar30 rating,1、量子领域、量子纠缠、灵魂宝石、平行时空…… 这些完全可以发展出崭新世界观的有趣设定全部丢掉，退行到无聊至极的“回到过去”梗，整一个“回顾漫威十年大彩蛋” ；2、阿灭干掉全宇宙半数生灵，其他星球的人在干嘛呢？坐等惊队救赎吗？不来围剿阿灭吗？没有，一个铁人就够了，为了情怀抛弃世界观合理性和戏剧想象力的典型操作；3、所有角色都沦为龙套，在头号玩家式的大混战里丢丢斧头打打手枪，就算完成这些人物的交代了吗？未来漫威的主角就是一个毫无性格、毫无设定、背后站着一群女权簇拥的惊奇队长了吗？收官之作可以继往，不用开来了吗？漫威宇宙结束了吗？4、第一次感到复仇者联盟更像是一个不怎么用心思考，只知道维持眼前伪善怀旧温情的右派保守主义蠢货，令我完全失去了对他们的共情，并为阿灭遗憾。一个时代终结，希望下一个能更有勇气,26,2019/4/25
仁忠?,allstar50 rating,全球首映！！谢谢漫威的生日礼物！！,6,2019/4/25
教主,allstar50 rating,明知没有彩蛋，还是要等,35,2019/4/24
褚然,allstar50 rating,这TM哪儿是电影啊，是一场狂欢，是一场20岁到30岁的青春狂欢。把十年的回忆和人物叠进三个小时里面，每一秒每一帧都能有他说不完的故事，每一场面每一话都有能戳中心底的地方，也许许多的不完美，都在这三个小时里面完美了，也许许多的遗憾，也就留在了这三个小时里了。End Game，End the Start。,16,2019/4/24
我是国王,allstar40 rating,完结篇教会观众说再见就可以了。带点哲学意味的商业片无法抗拒。祝福三位片约到期的演员。ps小蜘蛛出现的时候响起了掌声，果然是最受欢迎的角色。,27,2019/4/24
芥末蘸酱,allstar50 rating,要啥给啥，真・官方逼死同人。,20,2019/4/24
正军,allstar30 rating,灭霸死的时候竟然让我有些伤感？如果对妇联有感情，最好就把3当成终点，4像大学毕业时的合影时间。人在学校，可心早已不在。往往最值得回忆的竟然是大三那段回忆。灭霸就是我们主任。你个响指我的毕业证就没戏了……,29,2019/4/25
Ou,comment-time ,这片子几乎是个检索表，我觉得可以在Netflix上做个带超链接的版本，在不同人物时空穿越时可以点击进入以往漫威电影。Doctor Strange竖起食指的时候，不知怎么就想起了《影像之书》的手指。,8,\
无耻不混蛋,allstar40 rating,我觉的吧，挺着啤酒肚的锤哥，是最大亮点。一部电影，能做到，让全球影迷像过节一样，你说，这部电影，牛B不牛B？！,15,2019/4/24
不瓜迪???????,allstar50 rating,女朋友没哭的话注意一下了,23,2019/4/25
Luc,allstar30 rating,用最笨拙的方式自我致敬，可是逻辑Bug让我夜不能眠。英雄集结总是来得太晚，至少证明了灭霸是个彻头彻尾的恶棍大Boss，“不要听他说什么，关键看他做什么”！,20,2019/4/24
如小果,allstar50 rating,你们那么多人欺负我灭霸一个，算什么英雄好汉！,18,2019/4/24
天马星,allstar30 rating,超级英雄、电影主创和影迷观众完成了一场超大型告别会，英雄有了各自归宿，主创完成各自使命，影迷告别各自青春。欢笑也好，泪水也罢，在时间面前都混合成彼此心有灵犀的感动，复仇者联盟的最后一战不负众望。但是，抛开所有自我感动的情怀，在二刷《复仇者联盟4终局之战》之后，我发现我无法再对影片产生连接，我发现影片更像一个时长三小时的美剧，前期回顾+时空穿越+下回分解。我不得不佩服罗素兄弟的缜密设计，所有影迷想要的他们都做到了，甚至还隐藏不少惊喜，但也因此我能看到扣在影片上牢牢的枷锁。《复仇者联盟4终局之战》是一部合格的水准之上的作品，它给了角色与影迷最好的交代，但缺乏令人难以忘怀的电影之独立自由的灵魂。,15,2019/4/25
野思,allstar40 rating,"1.地球人：欢迎灭霸莅临地球观看复仇者联盟大阅兵。灭霸：地球人必死！

2.剧情宛如一出年会，就俩环节，投屏放映《两小时回顾漫威宇宙全系列电影》，再邀请所有主创合影留念，嘉宾颁发荣誉退休勋章。邪恶的紫女巫灭霸不请自来：你们为什么年会不请我！我要诅咒你们在座最漂亮的公主五年后手指戳到纺锤尖陷入沉睡。

3.其实我不怕角色死亡，反正漫威有一百种方式让他们复活。但我怕演员老去，借角色之死告别电影，那就真的角色死亡了。

4.电影最令我感到失落的是，每个超级英雄的人物弧光最终变成了一种疲软的退休宣言，每分每秒都写着“这不是你的个人电影，你得给其他人留几个镜头。”先前个人电影逐步丰满起来的人物维度，在这部阅兵式电影里只被允许展现单一侧面。我知道我永远错过了那个答案。

再见，最好的超级英雄们。",22,2019/4/24
旧书君,allstar40 rating,就像一部十年的电视剧完结，因为故事已经完全无法收拢，只能把重心转移到角色本身。让每个角色都拥有最完美的/注定的归宿。安东尼罗素客串的那一刻，我在问自己：你还喜欢罗素兄弟吗？那个以废柴联盟作为表达把《回到未来》奉为圭臬的罗素兄弟，现在把time travel以如此粗暴的方式作为最大谜底来交差，我心情很复杂。观影半途甚至以为，这个系列的收尾会更加科幻本质，不，更加美漫精神一些，把故事线肆意泼洒出去，最终形成一个【混沌又美丽】的图景（比如乔治马丁写的《局中变》）――最终还是发现，我对于罗素兄弟太高估了一些――又或者说对于漫威流水线的高压强度低估了一些。总之，这个HE是一份满意的影粉答卷。但仅限于此。,10,2019/4/24
萝卜^^,allstar20 rating,剧情乱七八糟，太多剧情杀,34,2019/4/24
kis语,allstar50 rating,24号上午就去看了。说真的，抱着全员死亡的心情去看得我，还是看哭了。我的铁人和寡姐！！！！,4,2019/4/27
瓦力,allstar50 rating,泪别英雄的同时，别忘了那只老鼠，没有它，后面一切都是扯淡......这是一次串起此前多部电影情节点满情怀燃泪齐飞的严重粉丝向落幕，普通观众观影压力甚大，请尽可能重温之前的21部电影，尤其是《复仇者联盟》《雷神2》《美国队长2》《奇异博士》《银河护卫队》《复仇者联盟3》《蚁人2》... 文戏相当走心，但对于一个文戏占绝对比重的落幕片来说，本片的最后一战虽然很燃却有种达不到尽情释放的遗憾，许多英雄只是大景别里的一个模糊身影一闪而过，冲着罗素兄弟一贯的高水准动作戏去期待是会有些落差的 。9/10,40,2019/4/24
叶枕,allstar50 rating,复联3是美国春晚，中国人民熟悉的男大奶子女大奶子老艺术家们给大家拜大年的话，复联4就是熬过午夜美国李谷一奶奶出来唱难忘今宵了，你能想象得到一切文化社交热议并且热爱都在此刻汇聚，包含中国全球首映、五个亿的预购、sns疯狂刷屏，包括首映后三点第二场依然爆满还起立鼓掌的赞誉。文化意义远大于电影本身的存在。,21,2019/4/24
惘然,allstar40 rating,不能剧透对吧？那就是灰化肥挥发会发黑，黑化肥发灰会挥发。完毕。,11,2019/4/24
春天情,allstar20 rating,典型的共犯―共感世界，以反型盱固型。Fb的告e依f是工整的神⑹拢核是不得不死的，一是因檎嬲的英雄在完成じv程後（他的矍橐卜侦じ福┍阍]定要以赴死碜髡嬲的回w，@是作槲谋茸罡r值物的情感也o法扭D的。二是因槠很多r候英雄是依他者的，而有趣的是，@次Y局不再是由^e於英雄的凡人斫神，而是由另一英雄即奇博士碇苯油樱ㄊ峭步的在龅模而不是修的限制的）@英雄去奚并抽去他日常化的可能――但Q角度想，⑴c到@N推拥钠首先是^（最需要他以死沓删妥陨砟酥烈磺械钠是^，@是榍笞畲蟮墓睬椋也是榘崖威/^的十年作一x式性的描L）。至於绨裕他}能被建成被拥氖дZ者以及Fb的「他我」――@N一w擅娴脑O置《守望者》的Y尾再o可能。,27,2019/4/24
Brockiller,allstar30 rating,可能只有我心疼惊奇队长吧，别人是人设崩塌，她是没有人设,28,2019/4/24
低能钛合金,allstar40 rating,"【B+】
托尼遇见他爸，索尔遇见他妈，史蒂夫赶上了约会。
家庭的羁绊，爱情的缺憾，还有责任的使然。
在被真正触动的情感面前，那些逻辑上的种种瑕疵和令人腻烦的插科打诨竟然都可以被原谅。",16,2019/4/24
rzwawa,allstar30 rating,就像是一场大餐最后的压轴甜点，努力满足所有需求，努力挽回所有遗憾，努力搅合所有想法。薄薄的糖壳裹着玻璃碴，玻璃碴盖不住剧情漏洞和人设矛盾，所有人物都留下了意难平，这电影凭什么拿到豆瓣9.1分？,30,2019/4/24
何小沁,allstar30 rating,初代英雄集体谢幕，对十年漫威企划的圆满作结。巨星阵容太臃肿，情怀需求攒得太满，已经严重挤压了故事空间，这个结局对所有主演和漫威来说都是一次彻底解放。就拿这集来说，穿越做得实在太敷衍和潦草了。当然，将22部融会贯通回顾一遍必定感人至深，迪士尼和漫威在IP经营上确实是全球的老大哥。除元老外其他基本都是客串，我奇异博士戏份就少得可怜，已经尽量将各方面考虑平衡到最好了吧。,16,2019/4/25
Simon,allstar20 rating,妇联4一如既往的弱智剧情，不知道多少人无脑跟风，我相信有人或许是感动了，但大部分在朋友圈刷文的都是跟风的，因为这部只有特效和好莱坞流量明星的商业片，网络上充斥着各种矫情做作的文章，看得令人生厌，真是散发恶浓烂臭，就电影本身而言，我不否认它的优秀的商业价值，但看不惯那些跟风舔的人,46,2019/4/24
珍妮的肖像,allstar40 rating,是啊，可以说我来为烂片刷惆怅，当然还是坏人的失败，终结了一切故事，连复联组织也很难没有幻灭感吧。美国没有翘臀了，也没有彩蛋，也是要从扫地大姐嘴里不耐烦的说出来才是真的没有彩蛋。其实是终篇里有很多果，投掷给前这么多部的因。三个小时，的确有泪点和唏嘘。灯亮，观众丧如一地垃圾。,7,2019/4/24
Browse_D_Romanc,allstar50 rating,陪跑十年 期待下一个十年 ,23,2019/4/24
T.V.Zoe ?,allstar50 rating,事实证明我这种伪粉也会哭到爆  最好的复联 最好的结局  爱你们 三千遍  ,13,2019/4/24
瞬间收藏家,allstar40 rating,据说杜伦大教堂在这部2333 快公映吧！2018-05-12想看 | 三小时的电影每个小时干了一件事，简直是掐表写的剧本? 最喜欢新泽西一段，“hail hydra”笑哭，女角色集结一段意外。完成规定动作，各种前后呼应加分，前段略松散，高潮差口气。寡姐钢铁侠戳泪点，各位毕业快乐TUT PS 杜伦大教堂内景就是阿斯加德233,0,2019/4/27
皮革业,allstar40 rating,已注射剧透疫苗。可以说，番位和剩余价值决定了结局的走向。被The Big Lebowski梗儿逗乐了，看完才想起来督爷本人是演过《钢铁侠》的，MCU的开山大反派。,10,2019/4/24
不良生,allstar40 rating,最后一次见面，他知晓她留在过去，她知晓他来自未来。她对他说，“每个人都无法成为理想中的自己，衡量一个人、一个英雄，要看他们是否成功做自己。”他们都做到了，足够。神明大厦坍圮，肉身成住坏空，既然我们终有一别，那就告别吧。正因参透生死，故而不再畏惧生死；正因看淡生死，故而才能从容赴死；正因这里有我们的一生所爱，故而依旧贪生怕死；正因我知道你知道我会死，故而才敢爱你三千次。,5,2019/4/27
大清新,allstar50 rating,十万个为什么是托尼，我得重温多少遍钢铁侠复仇者联盟才能弥补这样的悲伤,18,2019/4/24
时间之葬,allstar40 rating,遇见过去的自己（或者对自己最重要的那个人）是个不错的主意，但是同样的伎俩如此频繁地重复使用，就是另一回事了。最煽情的两次死亡其实气氛都差蛮大意思的，无谓的嘴炮也真的过多了点，但是这一顿情怀操作，还是值得多鼓励半星的,8,2019/4/24
Avril Lavigne,allstar20 rating,啊哦哦哦哦哦！胡萝卜唐尼终于死了！4完全就是个粉丝向的电影，我们这种人冲着看灭霸怎么死去的，以为会有新的力量出现，结果得到的是大篇幅的怀旧，又臭又长。当然有些幺蛾子会来说，你不喜欢看的就不要看，你这个hape你不看怎么知道好不好看？你们复联粉丝不是对剧透厌恶至极吗？,10,2019/4/25
方枪枪,allstar40 rating,心满意足，睡觉去了。千言万语一句话：爱过。,12,2019/4/25
内有恶犬,allstar50 rating,系列连续剧最好的终章，在一片欢呼里哭得好大声，漫威要我命。,13,2019/4/24
^期Z,allstar30 rating,人多，场面大，平铺直叙，给大家都争取了个露脸机会，只能说安全上垒，勉强及格，没有任何惊喜。说真的不是粉丝就别专门去看了，我这样每部不落的看完感觉也就那样。9分8分的太可笑了，感觉做成这样也挺贵的吧？给个7.5分不能再多了。,12,2019/4/27
老罗Lazzaro,allstar40 rating,平衡每个关键角色战力，大战交锋酣畅淋漓，漫威真的很会戳影迷G点了。告别！,2,2019/4/24
往北的海夜未眠,allstar50 rating,"2008年，""I AM IRONMAN""，拉开漫威宇宙的恢宏序幕，十年之后，""I AM IRONMAN""也成了初代复仇者也是我的漫威岁月最好的落幕。
有很多遗憾多幸运可以弥补，那些没说出口的告白，没来得及的拥抱，和被错过的漫长人生。
有很多缺陷却无法再圆满，那些痛不欲生的放手，毫不隆重的道别，和本应见证和守护的成长。
从奇异博士用时间宝石换回你性命的那一刻起，为了最终结局的牺牲就已经成为了你的宿命。因为只能是你，必须是你。故事由你开始，也该由你结束。我相信在另一个宇宙你和你的爱人也会度过平凡安稳的一生。但我会永远怀念初次见你时那个神采飞扬又玩世不恭的天才发明家。
你所做的，是世界上最好最最好的事，而你即将得到的是你一生最安详最最安详的休息。晚安，Tony Stark，我爱你不止三千遍。",12,2019/4/24
失控的小跳蛋！,allstar50 rating,又名：《被偷走的那五年》,14,2019/4/25
头你别疼了星人,allstar30 rating,好一场宇宙量子时空。。。橄榄球？？？,16,2019/4/24
redhousepainter,allstar30 rating,其实根本没有什么好剧透的，黑寡妇个人格斗能力估计还不如徐浩峰，牺牲她换来灵魂宝石是最经济的。钢铁侠和美国队长早就宣布不续约了，不是死就是退休。后半段的大决战在特效上也是乏善可陈，还没有复仇者联盟3好看。漫威这样再拍下去真的来不动了。,8,2019/4/27
qw0aszx,allstar30 rating,算是罗素超常发挥了吧 ★★★☆,18,2019/4/24
木由,allstar50 rating,在法国还能遇到在电影院不顾旁人全程讨论讲解剧情的中国小情侣，观影体验极其恶劣。忍不住了拿中文制止他们，结果人家装没听见接着说，粗暴地毁了我的复联。难过的是，我感到丢人多过生气。,10,2019/4/27
帝国绝凶鼠大王,allstar50 rating,是好看的，线头基本都收了。我忍不住觉得最后是在踢皮球，击鼓传花甩一个光荣弹的机会，毕竟这个机会看起来谁都可以。你们看看寡妇和鹰眼是怎样慷慨赴死的，再看看其他人是怎么互相甩锅/手套的，铁人死于运气不好，到他手里音乐停了。说好的打响指前要经过一段痛苦的充能呢，绿巨和 thanos 都是如此，但某角色的响指/便当怎么这么熟练啊？与钢铁侠并肩战斗一千万次的奇异博士，并不想用时间宝石复活钢铁侠。说好的 bttf 及一切时间旅行都是 bs，你不能通过回到过去改变当前的一切，然鹅最后表明某角色还是成功了。当然，这些都可以用一切皆为宿命进行解释，但那就更没劲了。一个经历了各大事件几乎全知全能的美队，回到过去看着注定发生的悲剧再一次上演却只想当个无名扫地僧，懒得救冬兵，放任他被洗脑肉体折磨70年，真是太符合美队人设了你说是吧。,8,2019/4/24
艾晨,allstar40 rating,喜欢的地方：收尾得挺好，和前面的剧情也都串联了起来，关于过去和未来，现实和记忆，情感和选择。不喜欢的地方：无聊的口水话太多了点；惊奇队长的存在也太不和谐了点，没有预告片里的那种震撼感。,14,2019/4/24
魏知超,allstar40 rating,用穿越来拯救世界是个烂俗点子，但用穿越来告别却再合适不过了。如果顺着前两个小时的情绪拍到最后，能给五星，但最后的大乱斗实在太无聊，全挤成一团正面硬刚有什么好看的。,5,2019/4/27
QLQ,allstar50 rating,没有彩蛋，但是仍然看完字幕才离开。,7,2019/4/24
饮歌,allstar40 rating,换取Soul Stone那场戏的时候，自己的眼泪止不住的流，如果不是因为这，自己都不敢相信漫威宇宙已经陪我走过了这么些年。这最后一仗打得虽说不是尽善尽美，但绝对是一部合格的好莱坞爽片，从故事、特效到情感带动，到底是没有辜负这么多年布的一盘大棋。寡姐，你永远是我的女神！,8,2019/4/26
小片片说大片,allstar50 rating,那是我逝去的青春。,21,2019/4/24
阿暖,allstar40 rating,用一场逆转时空的旅行串起十年作品，实在是非常巧妙的怀旧。时间理论虽然解释得不清不楚，但也算有趣。漫威从来不存在我的青春里，但有几场戏也算印象深刻，比想象中好看。,7,2019/4/24
娓娓,allstar50 rating,左边一对情侣卿卿我我女的抱怨坐最后一排啥都看不清楚练听力，不然就是跟男的说饿又不让男的去买吃的。右边两个女的其中一个从头到尾卧槽卧槽卧槽真想扇她，全程叨逼逼最后又狂哭，叨逼逼也让我想起一些剧情那就算了。美队抡锤子真是神了。。。,12,2019/4/24
李之无昂,allstar50 rating,今晚在影院的人真幸福。,19,2019/4/24
晚安好运?,allstar50 rating,Just like all your wildest dreams come true! 这部有多么圆满，未来的布局就有多么难。初代远去后，可能再也不会有这种期待和满足感了。PS：小男孩哈利都出现了，真的不交代下希芙的结局吗？,6,2019/4/25
起来就走,allstar10 rating,最为史上最豪华最糟糕的肥皂剧 终于完结啦 试问一下 漫威这波太极打完 往后打啥 ,21,2019/4/24
Anita 煎酿三婶,allstar30 rating,非漫威粉说句老实话会被打吗？《复联4》的冗长无聊，人物的拥挤，足以让这部大结局成为一部非常平庸的作品。,16,2019/4/24
刮刮油,allstar50 rating,收官之战心疼雷神……,13,2019/4/27
小明灯仁波切,allstar50 rating,作为粉丝，我真的真的爆哭！！完美的剧本，太多梗了，每个角色的情结都照顾到了，我需要缓缓，然后二刷IMAX,26,2019/4/24
壹安2,allstar50 rating,又一场青春十年告一段落，除了英雄，我们还见证了整个光影体系的十年蜕变。是结尾，也是开头。,8,2019/4/24
Lyz,allstar50 rating,只要看见这个电影名字就高潮了好吗。。。。|  结果从头哭到尾，我都不记得我上次哭得这么悲惨是什么时候了。那种复杂的心情，又感动，又不舍，又欣慰，又难过的简直了。虽然知道Marvel的宇宙观里其实是没有真正悲伤的结局的，但是每一个牺牲，每一个失去，每一个分别都还是从最深处触动我。所有的重生，回归，相聚都是种失而复得。十年时间过得真快，仔细看看其实真正能陪伴我走过十年的人或者东西屈指可数。我很幸运，拥有这个宇宙！,12,2019/4/28
万户,allstar30 rating,"从钢铁侠1到现在，姑且算圆满收工吧，从开始的惊喜到现在的疲倦，可能罗素兄弟水平也就这样了，商业考虑大于剧情合理性的电影。不过好歹漫威成了，之后应该也不会有这样的成功了。
你自己的时间穿越也就这个水平啊，何苦嘲笑别人呢。
最后的大战，好看在哪里？组了一个妇联？",12,2019/4/25
koala,allstar40 rating,不喜欢任何do over的设定，所有牺牲正因为无可挽回而悲壮。只说喜欢部分：1、鹰眼和黑寡妇去取心灵宝石，和上一部灭霸去取形成了对比，正是这一部分让我把灭霸列入反派。这段动作戏超帅气，这两个人真是到最后一刻都在互掐绝不手软，毫不相让。但仔细想想这里的设定是，你笃定自己是对方最爱的人，你确信自己跳下去是要有用的。这两个人对此都一点废话没有，人世间能有如此的人，且彼此心知肚明，也是幸运。既虐却暖。再看开头和结尾鹰眼俗世的幸福，又是一叹。2、混战中保护惊奇队长特意有一个girls power的片段，很燃。3、片名是End Game，想起安德游戏。反而是灭霸说的话印象深刻，你们执着于无法忘记过去，才无法开启新的未来。但在过去现在未来，也正因为与之羁绊的人，才有存在与保护的意义。,14,2019/4/24
WilliamOsborne,allstar50 rating,"让我先打个五星缓缓，拍红的手打字很困难，而且现在找不到任何合适的词语形容。
每一句台词都是梗，粉丝都能get到并为之欢呼。总之，一段旅程结束了，初代们，还有我。",7,2019/4/24
努力搬砖的z酱,allstar40 rating,建议吃点咸的入场233,24,2019/4/24
刘康康,allstar40 rating,作为一个漫威黑，还是承认这部收尾之作确实拍得不错，稍稍看到了一点复联1的影子，在一堆超级英雄大乱斗里，花了笔墨去刻画人物讲述困境，美队、钢铁侠、雷神的人物弧线都写得很漂亮，不过绿巨人、鹰眼、寡姐的人物弧线写得就差些。尤其是寡姐，按理说她那场戏的情绪点应该放在灵魂黑夜这个阶段，结果电影里另外几拨人还在嘻嘻哈哈做任务，她那边直接开虐，观众情绪转不过来，而钢铁侠和美队的情绪点就很恰到好处。以穿越的形式把漫威电影宇宙里的几个名场面串联了起来，情怀满分，剧作结构也没毛病，看完之后同伴问我穿越设定有没有BUG，我说看漫威你还要带脑子吗？这已经算是这几年漫威引领的超级英雄电影低龄化风潮中没那么低龄化的一部了，还要什么自行车啊？（说着说着又忍不住开始黑漫威了……）,7,2019/4/25
你在终点等我,allstar50 rating,I am Iron Man,25,2019/4/24
王写写,allstar40 rating,短评剧透，请及时回避目光――MCU首次危机以托尼救世开始，这次以托尼救世结束；MCU本身又以铁人诞生开始，以铁人死亡结束。所以在无限传说里，铁托是绝对主角，而对元老复仇者而言，美队是绝对领袖。漫威以复联四部做主线，骨子里是传统的双主角设定，自然也要由他们落幕。本片是一部上乘的大结局，个人认为是美队2之后最好的漫威电影。罗素找到了正确方式串联起曾经的许多关键时刻，三小时的叙事快感很强。一切都回归原点，一切也都做出了结，22集电影至此成功形成闭环。遗憾是对“时空劫持”的叙述简直是一笔糊涂账。从钢铁侠1到复联4，整个无限传说本质上说的是对生命要抱以何种态度的问题。从纽约大战开始，复仇者在拯救与牺牲中不断徘徊，与灭霸的对抗本质是一场拔河比赛，生命就是绳子。虽有不少缺陷，至少无限传说的文本终于完整了。,9,2019/4/24
陆冠均,allstar50 rating,漫威把“电影宇宙”的玩法推到了一个新的极致，登峰造极的功力。,10,2019/4/24
Neroat,allstar40 rating,漫威系列全部追下来，终于完结了。黑寡妇取原石那段有bug，雷神严重OOC，其他的脑洞都挺好，剧情前面过于温吞，后面比较精彩，画面特效都很好，3个小时还是很值的。结局难免有点遗憾，不过总的来说挺圆满。加上情怀给四星吧。,6,2019/4/24
麦田里的终结者,allstar50 rating,It's beyond entertainment. It's an experience I'm proud to be a part of.,6,2019/4/25
Lycidas,allstar20 rating,冗长无趣，全程被巨大的尴尬笼罩，一群女英雄站在一起那幕政治目的明确得我快吐了。即使拖沓成这样戏显然还是不够分，导致所有人物基本上跟会动的手办没什么区别。一个商品英雄时代终结，必然会有下一个跟上，真有几分感慨之处可能也只是自己再也回不到看这样的电影还会激动的年代了吧。,15,2019/4/27
何阿,allstar40 rating,告e的年代，至少能有一次真正的告e。rgo法逆D，消逝生命o法重R，同颖rg所困，]有任何生命能掌握「道」，就算英雄再大，也要找ぶ匦虑靶械姆椒ǎ能回到^去也好，面Φ亩疾皇俏不熟R的人，能承m的只是奚的同伴和廴的意志，重F眼前的鼍笆且鲂撵`治K，或者更有掌握真相的Α(美)英雄不是榱怂嚼，只槿』厥去，而是有感不公而走上前(得楹我拯救Ryan幔)， 如果Infinity Saga Ξ下(美)社有什N意x，淼阶罱K章⒌着平议_，是wC撞向帝大B的回，以至我@11年砩命中的vc影系列的Y合，y幕上也同由涎葑约旱摹Boyhood》，一次又一次回粉z的所求，在生活中和期望，BY起人的悲gx合，走入生命，情感消Ml]O限。@是(大流行)影的倮和(g和L格的)失落。,4,2019/4/27
L'automne,allstar50 rating,大家都再次回到战场上，再次并肩而立，一切似乎都回到了过去，所有的可能性都再次对所有人敞开。重来一次，每个人都更确信自己是谁。现实中不会一切都完美无瑕，Mr. Stark，一个精明的商人，以一己之命换人类的安宁，whatever it takes。,9,2019/4/24
Mr. Infamous,allstar50 rating,此生不再的体验！庆幸有漫威，庆幸有那么多喜爱的角色陪伴多年，庆幸有那么丰厚的情感累积。最爱的，始终是Captain America & American Ass。?,8,2019/4/24
VeryGZ,allstar50 rating,大概是亲眼见证参与了一次流行文化狂欢节，上千来号粉丝乌泱乌泱挤在零点前的影院进行一场朝圣活动，从提早5分钟放映片头龙标起始，到影片中每个笑点燃点泪点checkpoint点，再到片尾致敬名单展示都会集体发出掌声、欢呼声、尖叫声乃至啜泣声，一次独一无二的、极为珍贵且难忘的体验，远甚于电影节2001太空漫游场氛围。话已至此，完全能够想象到在几十年后的那些电影里，Avengers这个“复古”文化符号被cue到的频率有多高。待IMAX二刷 @卢米埃长楹天街 LD Plus零点首映,6,2019/4/24
巴伐利酒神,allstar40 rating,一座完美闭环的造就，一场奇异梦境的惊醒，一部史诗篇章的落幕，一个华美时代的终结。,10,2019/4/24
A-sun*,allstar40 rating,看到灭霸的退休生活我竟然心生恻隐?,5,2019/4/28
咯咯精,allstar50 rating,春晚 每一对cp的粉丝都得到了生命的大和谐 甚至是爱一个时间线上不存在的人 and I bought it all 对雷神产生了真实的感情 雷神啦啦队队长是我 but who run the world? girls!（lebowski mungo jerry kinks//IMAX三刷 我从纯冬盾到半盾铁,8,2019/4/24
特拉法Z,comment-time ,我不想给★。大概不该对罗素兄弟拍的MCU抱有任何希望吧。梗（或者说抖机灵）过于密集然而怎么讲，就，仿佛又看了个Voltron S8【←这大概算剧透】罗素兄弟team Captain实锤（？？？）但这个队???爱过【。】是货真价实的END了。,4,\
godannar,allstar30 rating,其实和十来年前漫画市场上发生的事情没有多大的区别，漫威凭借更加贴近生活的英雄策略占领市场，DC则沉湎于过去的荣光不能自拔，偶尔拿出些好东西却又随手抛弃。那时的我，多半会嘲笑如今这个平心静气面对偶像化英雄的我吧，然而他并不知道，在他眼里怎么都不够顺眼的黑暗骑士才是他梦想的神话时代最后的余晖，如今一切都更糟糕了。MCU这个阶段的结束，希望，是超级英雄重新对正义发出疑问的开始（金刚狼和蝙蝠侠不能再TMD继续缺席了！）。,5,2019/4/28
阳光彩虹小白马,allstar50 rating,不会二刷 我真的承受不来这个结局。黑寡妇死的时候 后排女生哭的直抽抽 我心想 有这么夸张吗 至于吗 我只是有点眼泪水出来。后来消失的英雄全部出现的时候 觉得很感慨 也掉了眼泪。最最后来 钢铁侠打响指的时候 哭的 控制不住自己 真的是抽了 我没法接受 无法接受。但是漫威 还是 谢谢你。还有复仇者们 我永远 永远爱你们。,26,2019/4/24
Tyger Tyger,allstar20 rating,对于没什么漫威概念的我来讲，这片子真是粗糙到可以，到最后挤进一大堆本集前三分之二根本没出现过的人物，想来是几部前集的，根本就是百货公司玩具柜台货品盘点。另外，千万不要看粉丝场，我出了近五年最贵的票钱，结果边上三个小伙子一路奉送评论音轨，不晓得自己是赚大了还是亏大了~,8,2019/4/27
Madison,allstar50 rating,能想到来的，没想到来的，都来了。,12,2019/4/24
第七大,allstar50 rating,给好友评分中的所有差评点了赞并同意，然后依旧可以打出五颗星的电影。,6,2019/4/24
余小岛,allstar40 rating,完结与传承。每个人都找到了自己最好的宿命。圆满了。,11,2019/4/24
O,allstar50 rating,穿越时空这个设定我觉得还是存在不少bug，但终局之战真的犹如烟花盛宴最后最绚烂耀眼的闭幕，只是这个结局还是让我无比伤痛，英雄终是离我们而去，一个时代仿佛结束，而我们也仍将孤独前行,19,2019/4/24
XXXXL,allstar10 rating,以为要看《手撕灭霸》，最后发现看的是《钢铁侠4》。,19,2019/4/25
glim,allstar30 rating,挺好，忘记过去，就不能改变未来…所有恶势力也都会化作飞灰，跟赵无极一样飘来飘去,10,2019/4/24
次等水货,allstar40 rating,化繁为简了，更多是创作上的有意为之，也可能兼有占了上一部结局的好处，不管怎么样都比上一部好看太多。不算片尾不到三个小时的叙事一点不会让人觉得冗长，大家各司其职各归其位，极大限度照顾到了每一个角色。感人的地方很多，除了你我相逢，还有太多标志性的瞬间，这些瞬间是致敬是缅怀或是一种仪式感。,16,2019/4/24
corbelle,comment-time ,感觉有点像看建x大业… but in a good way,4,\
猪大勇,allstar50 rating,呜呜呜，漫威粉一本满足。,7,2019/4/24
糯木,allstar50 rating,"太棒了！我先打10星，你们随意。初代十年处心积虑埋线，直至终章才完整爆发这个宇宙的真实魅力，叹为观止。我们才终于见识到，“十年布局”原来真的不是一句投机取巧的营销文案，而是实打实的严谨工作，一个精心布置的局，一个像蛇的首尾完美咬合的圆。
看得出来飞机也很信任手下，让编剧和导演放手去做，这个团队平时工作大概就是一群疯子在头脑风暴吧，什么事都干得出来。即使你猜了3000个剧情，他们依然能交出第3001种脑洞。即使吃过3000把刀子，他们依然能给你第3001个爱的理由。
这个电影，从某种意义上，真的做到了史无前例。感谢所有所有创作和工作人员，谢谢你们整出了这么牛逼的宇宙，邀我们见证。",6,2019/4/24
许多熊,allstar40 rating,时间线设置足够聪明，不讨论任何修改时间线的事儿，只改变石头，往蝴蝶效应的反面去走，这样时空穿越后发生什么事都不会产生悖论了。之前以为是一种的讨巧的方式，抹掉一些错误的选择从来，但是没有，重心放在拿到宝石之后了，而且灭霸总算是一个会改变想法的聪明反派了。//漫威说，这次是绝对谁都想不到的发展，竟然是真的！,11,2019/4/24
宋雯婷,allstar40 rating,比想象中好。几个想法：1 不要认输，不要跟时间认输，更不要跟自己认输；2 尊重每一个个体的想法非常重要。集体是盲目的，但是个体却超乎我们想象地具有能量；3 记忆是我们之为我们的一切，记忆亦是我们之为我们最大的阻碍；4 爱跟记忆一样；5 失败像成功一样值得被尊敬，因为他们在另一个时空里或许是成功的，我们在另一个时空里是失败的，但我们的本质一样，我们都是赤手空拳赢得历史的人；6 英雄主义永远是人心的镇定剂，不论谁，必须相信点什么才能活着，有时候人们的英雄是英雄们，但时时刻刻，自己都是我们的英雄；因而，信念永不死，英雄永不死。7 必须吐槽的是，太……政治正确了，美队成黑人了是不是有点违和啊喂！！8 观众是好哄的，说了那么多，还不是自我感动。?♀?,14,2019/4/26
瑾朵朵,allstar40 rating,再见~爱你3000遍,7,2019/4/25
油漆未干,allstar50 rating,值得中老年为之熬夜,11,2019/4/24
小小小小歪儿,allstar50 rating,我曾经拥有过什么，现在我就失去了什么。I am Ironman. 十年漫威，再见青春。三千遍，爱你怎么够。你拥有一颗温暖的心，你是我永远的英雄。虽然我在博士伸出1根手指的时候想竖中指，虽然我哭得不能自已，但我知道这是你的高光时刻这必定是你的选择，可为什么从始至终那个牺牲的人必须是你。最后两句话：wcnm，漫威杀我。看的时候头脑发热，回头一想原来吃了三小时的?。,9,2019/4/24
文泽尔,allstar40 rating,Thanos: SHADOWS DIE TWICE! Iron Man: ME TOO! Captain: HAIL HYDRA!,4,2019/4/25
假装在纽约,allstar40 rating,"""i love you 3000 times."" ",12,2019/4/24
岩井俊七,allstar40 rating,简直是超级英雄版的故园风雨后，三小时满格的落日故人情，时间成为爱与重逢的终极钥匙，最最嗨翻的场面觉得近乎拍出几分五道轮回、六界合一的气势来；回家第一件事是刨出了当年的古董电影票，2008年5月在港汇看得很开心的我，无论如何都不会预料到11年后会迎来这样的结局；作为一个杂食性的电影爱好者，深感能一路见证极致商业娱乐电影标杆的成长史也是我的荣幸,5,2019/4/24
二胡游,allstar40 rating,全场MVP：老鼠。,9,2019/4/24
佐德将军,allstar50 rating,挺好的收官之战了 有资源了再看一遍中文版的,11,2019/4/24
异端云术,allstar30 rating,灭霸提前退休的故事,11,2019/4/24
bibabo,allstar50 rating,第一次哭到IMAX眼镜都戴不住！此刻，漫威你就是全世界！,10,2019/4/24
Ston3s,allstar50 rating,桥段多梗多，黄洞全开时沸腾，诚意和惊喜都够。脂肪应该可以发电，过程中我一直觉得可以瞬间复原，果然减脂很难。鼓掌好几波，尖叫好几波。,10,2019/4/24
451?°F?,allstar50 rating,所有英雄都v一次rg旅行，面ψ约旱叟c郑在I水和g分忻O而出；所有的英雄宇宙都有一次rg穿越的故事，粉z瞬g穿越凳年重刈约号c粝牍捕傻r光而I如泉ァ！统鹫摺象征著美舻挠馀c良心，十年的光景R^韧獾摹t」也l生了天壤之e，在「K局大稹怪猩焚M苦心的英雄出觥⒆呶慌cM局，@示出「政治正_」的小心翼翼。,5,2019/4/24
阿猫头,allstar50 rating,十一年，一个循环，谢谢漫威。让我在无聊的人生中做了一个美梦，始于钢铁侠，终于钢铁侠。希望我们终有一日能在漫威宇宙中相遇。,7,2019/4/24
michelle,allstar50 rating,不得不说，我在电影院哭的稀里哗啦。二刷imax。感谢灭霸，集结了整个漫威宇宙。另外，我为什么没看惊奇队长？？！！,13,2019/4/24
脑洞大开桃鲜鲜,allstar50 rating,好看！看它！昂不离唔抱！个别角色还没认齐，但是依然觉得很棒～个别镜头惹人泪目，有感动也有震撼～,3,2019/4/24
城南草木生,allstar50 rating,零点场快结束的时候有人隔着好几排嚎啕嚎啕大哭，突然就变葬礼现场了。,11,2019/4/24
杨欢喜Metiche,allstar50 rating,人们不（只）需要超级英雄，人们（更）需要鸡汤。鸡汤无法解决问题，但它能帮你振作起来，然后你自己来解决问题。我们总说过去就过去了，我们总说遗憾是美好的，可若真有机会回到过去弥补遗憾，重新获得已失去的，我想这份努力我们都会做吧。漫威宇宙，向我们展示了一个伟大的当代神话。最真实的，最人类的。,6,2019/4/24
不脱袜子同学,allstar50 rating,看完想大哭一场，不只是看不到钢铁侠、美队和黑寡妇了，就感觉十年就这么过去了。如果给复联里英雄排个序，最爱寡姐和美队，然后是鹰眼和幻视，期待他们的单体电影，当然还是会看下去。,3,2019/4/25
水浒三国金刚,allstar40 rating,是非成败转头空，青山依旧在，几度夕阳红，一个响指喜相逢，古今多少事，都付原石中,8,2019/4/24
快乐学习草履虫,allstar50 rating,too many emotions and it is all worth it.,5,2019/4/24
螃蟹|OCFM,allstar50 rating,看完后想挤出点情感，但是年纪大了情绪波动不容易，我难得看电影能有一点情绪上的风吹草动，等到了豆瓣看到高分短评，发现其它人的情绪波动犹如风起云涌，我的emo以小见大，长江后浪推前浪，武汉每年长江泛洪一定都是豆瓣观影者的眼泪。呃・・・・so・・・・・・・谢谢你！豆瓣！,6,2019/4/26
张苑希,allstar50 rating,感谢漫威成全了初代超英所有的遗憾回忆和过往，盾佩一梦七十年，铁人重遇父亲诉衷肠、雷神与母亲的伤别离。终战实力诠释什么是真正的神仙打架，比瓦坎达大战更振奋人心百倍。寡姐献身，美队隐退，铁人终结，属于他们这一代人的传奇终究是要落幕了。“l am ironman ”。,4,2019/4/24
Saltimbanques,allstar40 rating,重逢与离别，绝望与希望，悔恨与救赎，在时间的漩涡中，我们体会着情感的复杂与伟大。“只要人们仍旧怀念过去，他们就不愿走向未来，而是在当下选择反抗”，fight for memory。,6,2019/4/24
月魂影歌,allstar50 rating,"三个小时的剧情很紧凑，而且不乱。笑点泪点都很足，给编剧加鸡腿。
特效很不错，没有出现复联3里面的翻车镜头。但还是属于好莱坞正常水平，没感觉太惊艳。
BUG很多，时间线已经乱到不能去细品了，还是把编剧的鸡腿收回来吧。
情怀满满，无论主角还是配角前作几乎所有人物都出来露脸了。。除了可怜的幻视。。
灭霸的塑造彻底失败了，整个人都彻底被矮化了。
电影给三星半吧，再加上一星情怀分。
还是蛮有教育意义的，不要虚度光阴变成死肥宅。",1,2019/4/24
sherrychan,allstar20 rating,我一锤子锤死罗素兄弟，锤哥队长绿胖人设崩妈不认，滚啊！！鹰寡szd也是个笑话。/为一秒老贾尖叫。,12,2019/4/24
色烈芬_,allstar40 rating,不管你们信不信 3个小时看下来惊奇队长是颜值最高的。,6,2019/4/25
OCT IO≯,allstar50 rating,语塞+词穷……废柴联盟专注客串MCU十周年……,4,2019/4/25
猫觅,allstar40 rating,我就想知道美国队长回去送石头，带着戳子去的，回来时候锤子怎么没有了？,1,2019/4/27
Howey,allstar50 rating,1. 托尼・斯塔克有一颗温暖的心。2.队长盾牌碎了，队长可以举起锤子。,10,2019/4/24
索尔之锤,allstar40 rating,盯得久了，总归是有些动人的。“I am iron man”，钢铁侠的始与终，最让人唏嘘。主线上的时间穿越逻辑乱成一锅粥，到最后几乎是不能带脑子去看了。没有宝石的灭霸原来是会被惊奇队长和红女巫压着打的，这宇宙的总体实力也不过如此嘛。从最终归宿上看，钢铁侠、寡姐和美队算是真正意义上的核心，罗素兄弟则彻底被复联的两部终章给吞噬了,0,2019/4/27
Amasia,allstar50 rating,作为从钢铁侠1就开始看的人，那句台词 几乎和电影里的人同步脱口而出。就，这样就可以了。,8,2019/4/24
Z星驰007,allstar40 rating,大概这是第一部杀进豆瓣TOP250的漫威电影，其意义相当于陪伴我们一起成长的《哈利波特与死亡圣器（下）》，不舍告别。,9,2019/4/24
萨库拉,allstar40 rating,槽点很多，泪点也不少，没有在时间穿越的类型里讲出什么新意，但全全全员集合的镜头还是激动了，那一刻不得不服流行文化的魅力。四星都是给情怀的。,5,2019/4/24
草雉素子,allstar10 rating,说实话，有点拖沓。,4,2019/4/24
何倩彤,allstar40 rating,真的是一年代的KY。十年走恚每人都得「面目全非」。那美好的仗我已打^了、跑的路程我已跑M了，也算厝岣e，至少每人都真的哭了。如果AM有幼樱大概不是你所想的那印―AM可能是A手A胖肚子，可能是一祥和失去棱角，可能是垂垂n老，甚至可能是死亡，甚至可能是，十年恚那奈幢徽Z言套住，奈幢患で樗鼓樱奈幢皇狼轵C的，碰碰~，握握手，v身一S，已]有更多。,4,2019/4/26
丧皮士,comment-time ,我现在没法冷静的评价的评价这部电影，因为失望和感动的地方很多，但有一点很肯定，迪士尼和两位导演都是功利心非常强的人，他们知道观众的笑点和泪点在哪，所以可以直接忽略剧情逻辑往里面搪塞能带来爆点的东西,17,\
哔哔哔哔,allstar50 rating,所以钢铁侠他爸到底换没换演员？美队偷了一个盾是不是另一个美队就没有盾了？美队怎么把雷神之锤送回阿斯加德？,16,2019/4/24
静静的投资,allstar40 rating,一泡尿憋不住了，中途去上了个厕所，结果，什么？美队能使雷神锤了？？？,3,2019/4/24
翰小七,allstar50 rating,首映场太刺激了，平均两分钟鼓掌一次五分钟欢呼一次到了最后甚至是斯坦李的字幕出来都全场鼓掌。各种熟悉的场面熟悉的人物熟悉的梗鸡皮疙瘩一波接着一波！弱弱吐槽下，吧唧才是美队的羁绊好吗不要强行BG！以及寡姐才是鹰眼的此生挚爱官方锁了！还有就是，我可以三个字虽然说倦了，但还是要宣布小tom蜘蛛boy正式替代大tom洛基荣登我可以榜首。,7,2019/4/24
小斑,allstar40 rating,小伙伴在被剧透逼疯之前拉我们去看了……早场。第一感想：票真tm贵人真jb多。坐我边上俩妹子全程聊天+尖叫+哭泣。她们来看电影的主要目的好像是膈应别人。我本来该有的情绪也被她俩憋回去了。老英雄谢幕，新英雄登场。每个人都多少失去了点什么。为了赶结局，复联成员之间的感情反倒处理得淡了，剧情不算太有意思。都是感情分。本片最佳场面：寡姐和鹰眼相爱自杀（无误）。全复盟总结（个人向）：最爱的是美队，最帅的是鹰眼，最美的是洛基，最悲的是寡姐，最基的……居然是虫铁（感谢在这一部完全垮掉的其他cp们）,6,2019/4/27
会飞的石头,allstar40 rating,虽然槽点无数但还是T.T,1,2019/4/27
睡觉是头等大事,allstar50 rating,我没想到，蜘蛛侠5年后回来还在上高中。。。我也没想到，随着那句“I AM IRONMAN”缓缓道出，十几年的情愫在一部看似爆米花的超英大片中竟表现得如此温情，这样的情怀渲染足矣堪称史诗级。始于他也终结于他，这是当年那个放荡不羁、自恋狂傲的钢铁侠，我才意识到，他永远都会是真的钢铁侠了。随着美队的交接，也许这是最好的结局吧。当我深夜一人观影结束，走在浦东的马路上，唯有微风徐徐，树影婆娑，早没有了白天的喧嚣和热闹，竟第一次体验到了上海深夜的宁静与舒适。我们都是来自尘埃，如那响指一响，回归如初，人生再顾重来，无论是神是人，都发现只有身边人值得珍惜。再见了漫威，再见了初代的复仇者。8.8,6,2019/4/25
SleepWalker,allstar50 rating,我从来都不算漫威粉丝，我不熟悉漫画的设定，也未蹲过零点场首映，更没有特别喜欢过某一个英雄，但MCU电影从没落过，其中19部在影院观看，不下5部三刷以上。究其原因，漫威在新千年建立了一个前无古人的电影王朝，与星战、终结者、魔戒之于它们存在年代的意义别无二致，我们都是平常人，或多或少都有英雄梦，点燃这个梦的火种就是钢铁侠，十年过后，钢铁侠早已不单纯是个人物形象，他更像是精神图腾，提醒着我们这十年走过的路，这应该就是我、我们，如此沉浸其中的原因。所以，这10分，献给乳臭未干和高中同学周二翘课看钢1的我；献给因美队3结缘而恋情无终的我；献给曾经作为电影行业工作者而近距离接触他们的我。初代的结局肯定不会让所有人满意，或许MCU考虑过其他的方式，但我接受，这已是最好的终局，毕竟旅程再远，也要说拜。,7,2019/4/24
牯岭街子,allstar50 rating,"【S】
https://movie.douban.com/review/10132677/
这次，是真的都结束了。",9,2019/4/24
慎独,allstar30 rating,史塔克的女儿真是可爱极了，可惜万万没想到临东城史塔克的后台就这么绝后了。,13,2019/4/24
Chris Tang,allstar40 rating,节奏把控得不够完美，故事大体上都能猜到。没办法，作为近十年的现象级系列，平衡与掣肘实在太多，漫威已经尽力了。大量女权主义事先有预告，但黑人美国队长？实在有点太政治正确了，不知道川普怎么看。,3,2019/4/24
三竹,allstar50 rating,后半部分好看到我旁边那个一直用高音量给他女朋友科普的傻逼男生都顾不得回他女朋友话了。,15,2019/4/24
绿光,allstar50 rating,"儿时就被套住的一个英雄梦迎来了最高光的时刻，想想以前为看而看的系列无趣爆米花片，都因为这部的编织而变得有意义起来，每个英雄身上作为普通人的有血有肉人性被充分发掘，可以说刻意煽情，我却觉得这是最触动人的最真实的英雄光环。
Avengers,assemble!",5,2019/4/25
Salvatore,comment-time ,罗素果然拍成了美队杰克苏三部曲，某段剧情让我想到了星战7里面韩索罗那段duang over ,8,\
握不住的灵魂,allstar40 rating,有相聚 也有分离。三里屯美嘉九点场，出来也是在雨中了。,4,2019/4/24
deathcross,allstar10 rating,合着Endgame的意思是不结尾留着尾巴拍美剧？,8,2019/4/26
默语生,allstar30 rating,根本不用别人透，这片完全可以自己剧透自己，只要掌握几个推理前提：第一，片酬贵、合约到期的都会体面退场，越贵越体面；第二，后续电影和三部曲还没拍完的不会有事，还得留点伏笔；第三，女性和少数族裔肯定政治正确，但迪斯尼价值观不会允许任何BG结局和回归家庭以外的可能性。然则肥宅和妈宝招你惹你了嗯？结尾“真妇联”堪称最大笑点。三星。,4,2019/4/27
Y,allstar50 rating," “I Am Ironman”
年度最佳！回归起点的传奇落幕，可能比我过去看过的所有漫改超级英雄电影加在一起还要有分量，我曾经预想过它的千好万好，但从来没曾想到过它能这么好，激动到语无伦次加哭晕在电影院两项指标一次达成，我愿意把我无限的赞美送给所有主创！
另：字幕结束后有彩蛋，但不是以画面的形式呈现
无论怎么说，今天，我们也算是见证历史了！",11,2019/4/24
李九弟,allstar50 rating,"I AM IRONMAN.
WHATEVER IT TAKES.
LOVE YOU THREE THOUSAND.

五星送给片尾和这十一年（和本片无关，多说一句罗素兄弟拍不了史诗之作，他们只能捣鼓出合格的爆米花。）",7,2019/4/24
Tracked,allstar50 rating,w/cb 真的庆幸买了首映场 好多人啊 还买了配套的杯子和爆米花桶哈哈哈 nerd到疯魔 虽然比国内晚了两天但好在一直没有被剧透 不得不说美队的pp确实是american ass hailhydro笑死 深藏功与名 美队拿起xx时大家都惊声尖叫 后头哭惨了呜呜呜！一个时代的告别 放每个演员的签名太戳了 最后没有彩蛋呜呜呜 之前都有的... 感谢漫威给我们带来的感动和欢笑 怀念斯坦里老爷子 三小时不显长 看完半躺在cb车上 感到一丝疲惫 可能因为不知不觉感情上倾注得有些用力了吧 （最好笑短评“女朋友没哭的话注意一下了（ps最近看到一个日本浮世绘风格的超级英雄们 有、意思 名号都很符合 like铁武者八十五号 米国团长 雷神彻 蚁义贼 流浪人鹰眼～ （晚上sv给我打电话 爱你3000次,3,2019/4/26
Amiko。柒。,allstar50 rating,I love you three thousand times.,3,2019/4/24
CharlesChou,comment-time ,不打分了，respect,8,\
UrthónaD'Mors,allstar40 rating,看完只想说几点1.MCU forever。2.从此再无iron man… 3.队长在电梯里说那句九头蛇万岁时全场统一鼓掌 (当时内心吐槽，美队终于变成了小机灵鬼）4.那些英雄们再度出场时，影院里再次响起掌声。5.罗素兄弟毕竟不是温子仁，所以肯定不会有回魂ironman 和招魂Natasha了……,4,2019/4/24
超人叔叔,allstar30 rating,几个闪光时刻敌不过官方炒冷饭带来的煽情导向；这次片尾真的没有彩蛋 全程1.90:1满屏 IMAX09,13,2019/4/24
喵老师2333,allstar50 rating,首尾呼应，一个时代的终结。最喜欢的一对cp居然幸福的生活在了一起。,4,2019/4/24
Sidney,allstar50 rating,Avengers Assemble！,3,2019/4/24
efuchan345?,allstar50 rating,娜塔莎，托尼，我们赢了哦。,6,2019/4/25
子不语,allstar30 rating,感谢天，感谢地，感谢你们，终于完了。,12,2019/4/27
申由己,allstar50 rating,就一句话：挺心疼灭霸，连一个知心人都没有！,10,2019/4/26
明安,allstar40 rating,也就比还行稍微好一点吧……,3,2019/4/27
老橡树与小男孩,allstar50 rating,我最喜欢的角色居然为了宝石死了？？？让我哭一会。,1,2019/4/28
Godbulary,allstar50 rating,感动的点很多，但是结尾有强行退场之嫌。      希望26岁那年有一辆奥迪RS7。,8,2019/4/24
奶 牛 嘎,allstar40 rating,比预期的要好很多，本作多了很多情感戏很感人，比如雷神和母亲，鹰眼和家人，当然还有钢铁侠的牺牲那部分最感人。看的是漫威粉丝专场，气氛和反映要比普通场好很多，最后决战部分所有消失英雄回归的时候，全场大鼓掌和惊呼。,2,2019/4/24
孟飞升,allstar40 rating,成年以后偶然发现一部钢铁侠开始看了美队雷神找到联系发现新大陆似的到处给人安利反响平平，过了多年变成一段传奇，被别人当成童年回忆，还挺有年华老去的沧桑的。看着看着场面变成《魔戒》，但其实毕业集的感觉更像是《哈利波特》或是《GOT》第八季刚刚过去的第二集。大家都有各自的归宿，有了离别的预期也没有伤感。几处燃点全场欢呼，意犹未尽。妇联名副其实一起站了个场队长还剪了短发，本命即使变肥宅也最终登上了同一艘船，小蜘蛛也马上要愉快地放暑假。Tomorrow's gonna be another day.,3,2019/4/26
squareshan,allstar50 rating,全程都在跟随着时间机器的脚步回顾我过去的十年。从初三体育考试那天复仇者联盟一上映，后来不知道哪个年级和家人一起去看钢铁侠二，再到大二一个人去影院看美队三。去年也是赶来影院看早场复联三，那时候对自己去哪个国家读书、究竟读什么专业还一头雾水。现在已经明晰。我好感谢这十年有marvel的陪伴，今天，不夸张的讲，我的泪水持续了这三个小时。当战场上出现无数个金色圆圈、之前消失的复仇者们一个个从圆圈里走出时，我几乎痛哭流涕。感谢感谢你们的陪伴，辛苦啦！初代复仇者联盟！,3,2019/4/24
青春、乱,allstar50 rating,结束了，像失恋的感觉……,3,2019/4/25
低人雷 等6个人,allstar40 rating,当他看到她的时候，仿佛瞬间经历了整个人生，心里很平静。,3,2019/4/27
深夜声咽,allstar50 rating,i maybe cry a little bit也许是眼睛肿胀了，反正影院小哥是哭了哭着说没有彩蛋[捂脸]最长的首映午夜场了，最好别喝水别浪费钱买水了！我一杯鸳鸯带进去没喝一口出来，有人不自量力，i seems smell someone pee[捂脸]全片全IMAX画幅holy嗨鸭！希望有空去东莞华南摩尔的IMAX二刷！,6,2019/4/24
凹凸,allstar40 rating,最惊喜是Tilda Swinton的再次登场 最生气是Scarlet Johansson的丑陋发色,2,2019/4/24
Ixtab,allstar30 rating,"时间线乱成翔了一堆bug 气死我了（本来美队一句avengers assemble我都要哭惹（ps.竟然还有银翼杀手梗，以及是“I love you, 3000”不是“I love you 3000 times”（？",7,2019/4/24
今天早睡了吗,allstar50 rating,几句话说不完感想，谢谢你们。,1,2019/4/24
前田罗绮,allstar50 rating,天下最美的美梦都会有终点。感谢遇见你。钢铁侠。,8,2019/4/24
喵吉拉,allstar50 rating,超故意！真的超故意… 其他先不想讲。气氛是有生以来最好的一场。有一瞬间感觉是在现场看球赛。哭声笑声叫声掌声响成一片。也只有漫威爸爸了。,4,2019/4/24
不死鸟的红头罩,allstar40 rating,粉丝滤镜和跟风的太多了，这分数对真正认真拍电影的导演反而是种讽刺。8分,13,2019/4/24
我爱罗宾,allstar40 rating,比起过去的煽情和当前的壮烈更喜欢超英们失落的悲壮感。算是对漫威十年很完美的总结作品，最好的是这部电影又不只是一部电影，看过十年的观众更有感触,7,2019/4/24
白鲸,allstar50 rating,我们彼此拥抱，我们相互告别，我们爱过，我们来过，Farewell,5,2019/4/24
pizzali死胖子,allstar30 rating,单独给最后一小时4星,9,2019/4/24
阿子-,allstar30 rating,好吧迪斯尼你赢了……再有续集不会去看了。感觉是大数据编剧，谁的粉丝多就给谁发便当？四分之一的人都不知道谁是谁。。。粉丝向电影，发了好多糖。,17,2019/4/24
叶莫,allstar30 rating,无话可说 稍微好一点我都能闭着眼睛吹 这次真的太烂了 毕竟他们演的这么辛苦还是给个三星吧 真的很可惜 我觉得RDJ也会觉得可惜吧 ,20,2019/4/24
叉叉,allstar50 rating,I love you times infinity.,9,2019/4/24
24伪学术女壮士,allstar50 rating,从“粉丝捧场，大众惨淡”开始，到“粉丝辱骂，大众嗨翻”结束。漫威电影宇宙已经成为了震撼全球的文化现象，是一代人的影像记忆，是最时下的政治寓言，早就不可能回到“只拍给死忠粉丝看”的过去。一些死忠粉丝再无法接受这部电影对自己深爱的人物不尽如人意的塑造，也没办法对抗大众对好故事的渴望：好的故事不会是合家欢的故事。好的故事总是充满颓丧，悲情，苦痛，难堪。好的故事需要有“人性”的人物，而不是完美的“神”。,7,2019/4/25
大黑骡子,allstar30 rating,粉丝情怀应该大满足，但非粉丝就会被平铺直叙每个人都要顾到的节奏拖得有点心累。,9,2019/4/24
.M,allstar30 rating,英雄集结那一段还是有小小感动和热血，和前几部一样，整个故事基本没有让人惊喜的地方，套路化的剧情，叙事，表演，抒情。仅作为一路追来的这个系列的终结，似乎也没有对于完结的感慨和不舍。,8,2019/4/24
梦里诗书,allstar50 rating,《复仇者联盟4：终局之战》是漫威电影迄今为止最好的佳作，也是在这部电影中漫威聚集所有英雄，将漫威宇宙的魅力才得以了完全的迸发，其给人带来的不仅是一次酣畅淋漓的史诗之战，更让人泪目于英雄的悲歌，动容于这场横跨十一年的英雄告别。,7,2019/4/24
行为不端的安东,allstar40 rating,漫威春晚，漫长的告别。,2,2019/4/28
Cobain,allstar30 rating,对漫威电影实在是无感，表白黑寡妇。,4,2019/4/24
猪大腿,allstar50 rating,原本以为会看到《龙珠》甚至是《圣斗士黄金魂》之类的中二戏码，结果收获太多太多惊喜，漫威终究是那个十年没变独一无二的漫威！第一次看片尾字幕看到流泪。MCU个人排名前三：钢铁侠1，复联4，复联1/美队2并列。,3,2019/4/26
爱屯最可爱,allstar50 rating,最后哭的稀里哗啦，每一个角色都那么鲜活出现，他们穿越回去的每一部电影都是那么的熟悉，多少梗都能会心一笑了然于心，之前每一部漫威的电影都至少看过两遍，多少年的光阴啊，一场盛大的谢幕，就这样真的结束了，谢谢你们，在我的青春里走过。突然想起来，昨晚做梦梦到的都是漫威，梦到的冬兵和黑寡妇，具体他俩干啥忘了，但一晚上没怎么睡好，今天一早就起来去看了imax，是爱啊。,4,2019/4/27
Hushnore,allstar30 rating,钢铁侠正犹豫之际，奇异博士伸一支手指示意：“合约到期啦！最后一部啦！别墨迹，赶紧哒！”……灭霸为了理念牺牲自己，一个响指，无差别减少一半生物；钢铁侠为了亲友牺牲自己，一个响指，实现了有针对性的种族灭绝……话说灭霸想干的事，不就是《流浪地球》开头的牺牲三十五亿然后拯救苍生么？,3,2019/4/27
康报虹,allstar30 rating,《复仇者联盟4:终局之战》消解并重构了“超级英雄”所代表的含义，回望并告别了那些记忆尤深的人与事，这是结束，也是开始。,9,2019/4/24
圣哥,allstar30 rating,"营销做的真好，商业价值也太大了吧

漫威还有粉丝，哈哈哈(?ω?)hiahiahia",15,2019/4/24
安大帅,allstar50 rating,想了想还是打了五星，电影倒不是说有多完美，只是确实算是一个时代的落幕。无论自己平时多么不爽漫威，但终归自己这几年还是一部又一部看了过来，逝去的确实是自己的青春啊。纵观MCU，给我印象最深的还是美国队长，这次他终于圆了和她的一次舞蹈之约，也脱下了自己的战袍，英雄落幕，精神不朽。MCU十年，当之无愧的传奇。,3,2019/4/24
@鱼,allstar30 rating,还不如不看，上集大结局就可以了。铺垫了这么久，这就完事了。,3,2019/4/27
七少爷,allstar50 rating,虽然三小时实在尿点很多 但回忆杀实在太美好了 最后集结真是无与伦比的激动 妇联 ?,5,2019/4/24
某茶君,allstar40 rating,最后救小蜘蛛时，漫威女英雄摆出一副“红色娘子军”的架势，真是把我逗笑了。,4,2019/4/25
祝枫,allstar50 rating,"虽然没有陪你走过11年，但感谢你献给我们的21部佳作。
钢铁侠，美队，寡妇，雷神，绿巨人，鹰眼，感谢你们精彩了我的青春！！
爱你们，千千万万遍！",11,2019/4/24
Eco,allstar30 rating,并没有被感动，估计是美国漫改的煽情套路先天免疫。（漫威英雄背后的国家想象）,4,2019/4/25
巨米雨,allstar50 rating,"It is a decent goodbye, thank you all.",5,2019/4/24
应笑我,allstar50 rating,我不是漫威粉，但复联四让我第一次感觉到活在这个时代是一件还不错的事情。,9,2019/4/24
水蜜桃的夏,allstar20 rating,陪朋友看首映 电影院里鼓掌？？？你们在鼓啥？不下十次！！！,16,2019/4/24
扎亚,allstar40 rating,再见，十年。,1,2019/4/27
哦天哪天,allstar20 rating,"1981年，克莱蒙特在漫画中将变种人逼入了绝境，然后以逆转时间的方式搬回了败局；
2010年，弥赛亚再临里，叉人编剧部又故技重施，利用时间跳跃把敌人杀死于娘胎；
2013年，雷蒙德又一次把炸掉地球，然后让UA穿越回去拯救世界。
2014年，X系列的原罪支线，还是熟悉的配方――回到过去阻止大毁灭；
……
就在前几天我还在抱怨，漫威最没有创造力的就是叉男编剧部，一个逆转时间用了快40年。然而今天我发现不仅是叉男编辑部，复仇者电影也用了老梗。只能说这一代的编剧想象力都枯竭了。想必Markus在写剧本前与那些创作漫画的同行们交流过，最终总结出缺乏好故事的情况下糊弄观众的万能法宝――逆转时间。主线定完后，再死几个人，加入一些煽情的回忆，一个套路化的剧本就完成了。
没错，情怀和眼泪就是如此廉价。",13,2019/4/25
搪昂昂昂瓷,allstar50 rating,由欢呼和抽泣组成的漫威影迷狂欢?,2,2019/4/24
文森特,allstar40 rating,史上最强的超级英雄电影！！爽爆！！燃爆！！泪目！！Pee pants!!尘归尘，土归土。或者做该做的自己，或者做想做的自己。,3,2019/4/24
Spring,allstar20 rating,唉难道只有我觉得相当难看嘛……,3,2019/4/27
Cloud,allstar20 rating,前一小时基本是在唠嗑下浪费时间看的想睡觉，第二个小时才是正片开始，预期也知道是跟时光机有关，后边剧情也是快餐式的打来打去，结局也并没觉得什么特别意外，合约到期新老交替该淘汰就淘汰呗，商业烂片,9,2019/4/26
看看麻麻吧,allstar20 rating,撇开情怀，从一个电影的基本要素来看，只有视效可以堪堪拿两星。逻辑硬伤，人物ooc，“五年后”这种让人看了就发笑的渐隐字幕都能搬上台，求求罗素兄弟放过迪士尼。,23,2019/4/24
larenarde,allstar30 rating,身为漫威多年粉我这三星给的都勉强，超级英雄大片看多了导致看每个笑点都在导演前期漫长的铺垫镜头磨光了耐心，我只有一个“一点也不好笑”的表情面对它们。 以及有些趴真是bug的厉害 鹰眼本来在山崖上吊着后面又在水里醒过来 小蜘蛛五年还是高中生 他的校友也是吗 总有人毕业了吧！如果你说不看逻辑爽就行了，尼玛不看逻辑的片子你给我打9分？？？ 何况爽吗？？？？？ 这结局你告诉我叫爽？？？爽到砸放映屏，罗素兄弟再见,10,2019/4/26
灭,allstar40 rating,听说我们可以翻墙去FB，Youtube，Twitter上给老外剧透了，好开心啊，主要我喜欢帮助别人。  看完了，感谢漫威给我们一个完美的收官,7,2019/4/24
张很多,allstar40 rating,本银护粉的大泪点是魔拉格星，听到BGM简直嗷一嗓子哭了出来，然后全程在心疼火箭，上部里失去所有，这部里又亲眼目睹男神的崩塌，太惨了，不愧是“谁敢比我惨”天团成员。然后星爵你是不是又胖了？都快爆衫了，以后米兰诺号上就是两个死肥仔了。雷神致敬The Big Lebowski加分。然后，阿灭真的很淡泊，他干了那么大件事，却不过是卸甲归田开菜园。喜欢阿灭。,5,2019/4/25
知心哥哥noly,allstar30 rating,这个片的主要观众应该是12岁左右儿童，最后一部毫无惊喜,3,2019/4/27
堂邦嘉真,allstar40 rating,看的下午两三点的场，没啥人，舒服～～～,4,2019/4/25
夜神月的猫,allstar50 rating,高潮迭起，完美谢幕！血肉之躯，钢铁之心，凡人之力，比肩神明！这评价真的永不过时，我都要哭了！,2,2019/4/24
一只鸟枪加农炮,allstar40 rating,哈哈哈我看到有豆友在几年前畅享自己今年的复联4上映会不会结婚，会不会当妈的评论，恍惚有种时空穿越感啊。,0,2019/4/25
榭飞鹏,allstar50 rating,美队是怎么打赢灭霸的。因为他拿起了雷神之锤子。那么雷神做什么去了，他膨胀了啊。,12,2019/4/24
リ,allstar50 rating,心都碎了，眼泪根本止不住……每次都一脸嫌弃但又忍不住拯救世界的人啊，明明只是个凡人之躯。由你开始，由你结束。最好的Tony Stark，love you 3000 times,10,2019/4/24
拉链,allstar50 rating,"我爱你三千遍！
i am iron man！",7,2019/4/24
骡子骡子,allstar40 rating,【剧透预警！剧透预警！剧透预警！】史诗落幕钢铁侠，安享晚年翘美队，嬉笑肥宅银护锤，温文儒雅小浩克，套路交待黑寡妇。优秀的大结局，无愧这十年。,2,2019/4/27
小三的意思其是如果先生,allstar30 rating,其实我睡着了一小阵。但今次有点get美国队长，最喜欢的是督爷。,5,2019/4/26
雨前羽街,allstar50 rating,有多好看呢，就是即使知道逻辑上有硬伤，各种悖论的影响下也去他妈的，就是这么好看,7,2019/4/25
SundanceKid?,allstar40 rating,众口难调，作为一场事先张扬的告别，还是宏大的，也在幽默与感动，角色的发散和平和归家中做了接近理想的权衡。种种回溯，重逢别去故人，引向最后的大战，情感上的积聚更是聪明的。把最后一支舞留给你，知足了。星云的更深塑造是个惊喜，比较大的一处失望在于惊奇队长格格不入，甚至不该在本片中被推荐,2,2019/4/24
lothron,allstar30 rating,我不仅不气，我还看得有点开心。虽然三巨头人设血崩，镜头毫无美感，剧情简单无脑，三个小时的时常完全是因为叙事太嗦节奏太慢所致，但是――但是打斗大场面呀，就像是回到了超英漫画的基础，关公战秦琼，众好汉各展所长，轻舒猿臂款扭狼腰，哇呀呀一通乱打，打就完事了。再撒上一点催泪的感情戏和一点其实get不到笑点的笑话，齐活。至于什么剧情设定什么人物弧光，就当是在放屁好了。没期待，没失望。,8,2019/4/26
明明伦,allstar50 rating,怎么说呢  这部电影给那些人狠狠一巴掌  什么人  就是那些说这种电影也就看个特效的人。另外  这个结局  意料之外 情理之中  电影院看电影  无数人一起鼓掌一起欢笑一起偷偷抹眼泪 包括那种过年的感觉  也只有漫威只有妇联4了  致敬英雄！,7,2019/4/24
DreamReaver,allstar50 rating,如果说复联3是完整的灭霸传，那么复联4则是一场回馈和自我致敬，给足了MCU观众所有想要的东西。虽然中段有点混乱，但足量的感情线描绘，还是让我们十年来对这些血肉丰满的角色积累的情感得以倾泻而出。最后的决战场面，其呈现和效果都堪比指环王的圣盔谷之战，零点场粉丝的欢呼声一浪高过一浪。电影史上最庞大的项目有这么一个结局，已然超乎想象，给罗素兄弟和凯文费奇respect。二刷再更新。,8,2019/4/24
Morty.,allstar50 rating,他终究还是完成了那场舞,12,2019/4/24
Timon,allstar30 rating,不如X战警的逆转未来 9.2分情怀分也太高吧  惊队人设全崩 ,10,2019/4/24
天蝎小猪,allstar50 rating,从一开始就渲染情怀，打斗和笑料都只是配菜，看到那些曾在记忆里留下深刻印痕或惊鸿一瞥的人物角色再度出现，各种感动油然而生、各种燃点恣意迸发，直到那令人饮泣的刹那，这不是单看这一部电影所能体会到的，是伴随着漫威宇宙一路走来的自己所始终憧憬和等待着的“有生之年”。最后，我只想说，“逝者已矣，生者如斯。”还有――去二刷吧！,4,2019/4/29
萝卜,allstar50 rating,"不知道评价什么
从三分钟哭到尾还缓不过来
粉丝真的会很激动很惊喜吧",5,2019/4/24
PortaBubbleJoe,allstar40 rating,近十年的故事线不疾不徐地汇聚至高潮，又巧妙地让moving on的主题贯穿始终，值得恢宏二字的爆米花片。前小段联想到守望尘世，感叹大基数下生离死别引发的社会行为太有东西深挖了。中段没什么新鲜的拍法，自我重复嫌疑大。但结尾那个人的离去和那支舞的兑现着实赚人热泪。,2,2019/4/24
豆瓣酱里的鸽子,allstar50 rating,It is truly an end of an era. I am Iron Man.,3,2019/4/24
思郁,allstar40 rating,这个剧情上真有点说不过去，有硬伤,4,2019/4/24
盛世美岩,allstar40 rating,爱这哭哭笑笑，爱过牵挂过的三千个日夜，远胜于爱这部电影。煽情戏足够给力，就像《速度与激情7》结尾对保罗沃克的怀念一样，犯规一样地带我们行走于过去十年令人难忘的角落，放下心头的伤痕，也带着你回顾这十年来自己的种种变化，数次让人热泪盈眶。可惜中间便还是漫威式的cliche，磨嘴皮子，主角光环，十年过后，强大如漫威也拿不出什么新东西了，这是一部近似完美的终章，但终究少了些独自发光发热的魅力，算不上一部五星级的难忘之作，大喊一声“I’m iron man”，送走了那个让人心心念念的老复联之后，这个宇宙也少了些让我能驻足回望的东西。,5,2019/4/27
李阿斗,allstar40 rating,看的时候满脑子都是过去的时光，天下无不散的宴席。,1,2019/4/25
Vulpecula.h,allstar40 rating,看到小蜘蛛回来了就很开心，太可爱了抱着无限手套。钢铁侠最终完成了使命保护了大家也牺牲了自己。最后哭到爆，虽然已经从种种暗示明示能感到死的就是他了。但没想到这么突然让黑寡妇就这么死了，太劝退了吧，不过里面的梗好多，hail hydra的美队简直满足漫画迷的幻想，雷神已经是笑星了，美队用锤子也是点燃了整个影院hhh,0,2019/4/24
aMI,allstar50 rating,一部电影，一个时代。下个10年再见~,4,2019/4/24
姜斋,allstar30 rating,只值三十块…,8,2019/4/24
birds,allstar40 rating,所有的时空穿越电影都是扯淡，于是在这里我们扯一个更大的淡。,6,2019/4/24
回眸一笑百媚生,allstar50 rating,只不过是一个阶段的结束 怎么那么多人看起来都像是看mcu最后一部。。。,7,2019/4/24
,allstar40 rating,老伴儿孩子热炕头的世俗生活是终极幸福啊……,3,2019/4/27
小鬼Bono,allstar30 rating,跑马灯，似乎重点都在回顾、致敬及和电影狂热粉的交互上。Thanos 垮掉，除了主推的铁人外只有Dr.Strange一个角色上能看到点纵深。前面感觉过于拖沓，场面设计不够精彩。,2,2019/4/29
陈老师好,allstar50 rating,本尼：托尼你是我们胜负的关键！,4,2019/4/24
蝠蝠,allstar50 rating,"复联一到复联四，从初中到现在，我爱了，哭了。
真实落泪数次，目瞪口呆十几次，三小时无尿点，我都不知道怎么形容此时此刻的心情了。
如果说哪个凡人能够比肩神明，他的名字一定是托尼・斯塔克。",5,2019/4/25
安?,allstar50 rating,有圆缺，但爱你三千遍,1,2019/4/25
Henrique Asano,allstar30 rating,作为最终章，故事总算讲清楚了，大片的基本要求,1,2019/4/29
Mona Lishark,allstar50 rating,Worth the wait. ,2,2019/4/24
蒙尘之徒,allstar50 rating,天不生罗素，漫威如长夜,5,2019/4/24
非常不小心,allstar30 rating,我上一篇豆瓣影评是写给DC的，其实写了一半篇幅给漫威，还写了一个细节，可能很多人不记得，漫威宇宙的第一部电影《钢铁侠》，早于美国本土三天首映，你可以从象征意义上去认为，漫威宇宙诞生于中国。这就是为什么漫威系列不管多烂，总是排片满满，总是没道理的高分，这是十年青春的结集，周星驰给不了的，漫威填满了。当然，超英电影我就看个乐呵，虽然我也一部不拉地看齐了，但大多数是自己一个人看的，以至于谁出场都没唤起我任何情怀，我吃过的快餐太多，论最好吃的快餐嘛，就，对付生活而已了，实在没有必要感叹啊 。,3,2019/4/28
莫逆,allstar30 rating,那么多人去打一个老农民挺搞笑，话说回来，也只有漫威粉能熬过前面两个多小时然后还要吹,7,2019/4/28
Castor,allstar40 rating,"I love you 3000. 我对漫威宇宙系列没什么情怀，但是一部没少都看过。亏得如此，犹如总集篇的电影前半部分，每一个梗都能get到笑点，死肥宅Thor成了搞笑担当，【世界上最棒的奶奶】意外的吃了很重戏份，短发的惊奇队长帅到爆炸，绯红女巫终于carry了一把。讲真，三小时的时长太长了，很多拖拉的情节，剧情逻辑也有很多没法自圆其说的地方。可是最后的大决战，值得之前漫长的等待。当美队高喊【avengers】时，千军万马来相会的场景，让我不禁想起【勇敢的心】里华莱士的那句【freedom】以及【指环王】中圣盔谷战役那句【为了刚铎】。I love you 3000, goodbye avengers.",2,2019/4/26
Something。,allstar20 rating,灭霸绝壁是艺术家。交付自身力量给予世界绝对公平，然后孑然一身于某个孤独星球花园里终老。反观打响指的铁人，凭什么你们队友全活了？灭霸的部下们难道都是没有家人可以全军覆没的嘛？？一星给猩红女巫，也太好看了八,8,2019/4/26
小阿曾阿曾,allstar50 rating,我不想活了不想活了我不想活了 爱你三千遍 我是钢铁侠,3,2019/4/24
白色的蓝?,allstar30 rating,每次看漫威都会睡一会…,4,2019/4/27
今晚看电影,allstar10 rating,我的娜塔莎 3000,11,2019/4/25
半岛铁盒的晴天,allstar50 rating,谢谢你们，青春有你们陪伴，我很感动～,4,2019/4/24
cb400ss,allstar10 rating,你叨叨叨叨叨，你好比浪涛，三个小时，叨逼了两个小时，剩下一个小时组合王八拳乱抡。,20,2019/4/24
一坨的一坨世界,allstar50 rating,人生啊，有多少十年。Loki，Vision，还有其他人，看到了吗，我们赢了。我哭的好大声。,4,2019/4/24
千舟,allstar20 rating,快快走好漫威，真的，十年结束了，你也该消停消停了，你从开始的好好做电影，慢慢变成了套路和圈钱，这种剧情，就好像拿枪逼着你让你哭。,23,2019/4/24
{莫热},allstar50 rating,MCU22。对于所有在满座剧场观影的观众来说，都是难得的巅峰体验，看着角色们死死生生，从穿越回经典场景、到大结局中走出的一个个在复联3中殒灭的角色，观众惊呼、抽泣。这段电影旅程告一段落，我入坑较晚，但好歹是抓住了尾巴，没有枉过一生。2019年4月GV观影,2,2019/4/25
OpinionatedDbU,allstar30 rating,看了。有点长，不耽误大家时间我就剧透下结尾，蝙蝠侠最后没死。,3,2019/4/24
噗效愚,comment-time ,被拖去看的，坐下就开始困，五色令人目盲。开场十分钟就眯瞪过去了，断断续续睡了俩小时，见证了小辣椒拖垮整段华彩感情戏，剩下醒着的时间努力想搞懂谁是谁，大家都告诉我看看单体海报按颜色认清主心骨就得了，幻视是哪个？星云呢？奥创呢？you tell me.【超级英雄电影和高等数学一样，对我来说门槛太高太高了。,7,\
潋 | Béatrice,allstar40 rating,虽然七月的小蜘蛛才是第三阶段收官之作，但这部也是这个长达11年的时代的终篇了。四平八稳的好莱坞商业电影，剧本的琢磨和技术的高度都妥。第一个小时在衔接上一部的剧情寻找solution，第二个小时在铺垫和实现solution，第三个小时打群架。文戏还是略冗长，但那么多坑要填那么多线索要捋那么多人物要交待，也没法再压缩，节奏已经挺好的了。武戏不说了，漫威拿手。长镜头有点滥用。惊奇队长这个角色有如笑话。队长拿锤子盾牌一起揍灭霸，和全员登场支援，这两个场景把我激动坏了。可比肩神明的铁人，多谢。不相信寡姐真的去了（虽然还有可能回来），我也爱你三千遍！老坑都填了，但感觉美队还宝石那块可能反而新开了一个惊天巨坑。感谢11年的造梦，谈不上铁粉，但也能体会这份饱满丰富的情怀。队长终于补上了那支舞，但是还有下一阶段，我们先不说再见。,3,2019/4/27
Nie-Rong,allstar50 rating,"我永远无法理解有人觉得Thanos可怜，我简直希望导演安排钢铁侠抓住他的头说：Hear me and rejoice, you are about to die at the hands of me, you have had the privilege of be saved by the Great AVENGERS, be thankful that your meaningless live is now contributing, you may think this is suffering, No, it is salvation. NOW TELL ME, WHAT DO YOU FEEL TO FADING TO ASHES?",6,2019/4/25
MeroYang,allstar50 rating,醒过来看自己晚上迷迷糊糊手帐上写的赫然是【复仇者联盟4:五军之战】,3,2019/4/24
phoebe,allstar50 rating,"其实托尼某种程度上也和灭霸一样，为了捍卫一个抽象的理念甘愿牺牲一切具体和个人的东西。
可为什么我们总是站在复联这一边，为什么我们会相信他们的信念，会为他们的牺牲和选择感动？
因为我们是人类啊。
谢谢a锅坚持不懈地向我安利一些我本来一点都不想看的片（上一个是指环王，预感下一个是权游）。我很感动，真香。",4,2019/4/27
MADAO,allstar40 rating,现在你们知道春晚导演多难做了吧,2,2019/4/24
常小宝,allstar30 rating,反正300块出去了，以后不要再拍了，谢谢。,9,2019/4/27
河狸,allstar50 rating,最终战燃到爆！而且非常巧妙的把前几部的剧情回顾了一遍。,3,2019/4/24
KinG羽,allstar40 rating,圆满了，重逢是一种圆满，离别又何尝不是。作为终篇问题不少，但看得出对粉丝的体贴和感恩，没有枉费大家一直以来的支持和期待。作为几乎看遍漫威电影的非漫威迷，还是想要感谢这些老熟人的陪伴。春去春来，花谢花开，没有终点。,2,2019/4/25
HaGaU,comment-time ,从蜘蛛侠开始入坑 18年了 这是一个不圆满的句号 缺口就靠漫威以后的作品来填补吧,3,\
SYL_E少,allstar50 rating,超级想看，我以后也会制作出这样的中国电影??当所有的线索连在一起时，就是结束的到来。很强的叙事节奏。很强的情节设置。很强的故事逻辑。。拒绝剧透?,1,2019/4/24
奈落,allstar30 rating,还是熟悉的罗素处理角色的方式，安排谁死谁就死，非常强行毫无逻辑。这部里崩人设的也一大堆，呵呵。,14,2019/4/24
Jin Unrated,allstar40 rating,MCU 几乎是用 CGI 包装过的希腊悲剧。悲剧的主角是伟大的思想者灭霸。,2,2019/4/25
考拉赵小胖?,allstar50 rating,表白朗爹！大家各得其所，另外我好奇灭霸在里边是不是盘核桃了？,3,2019/4/24
大海绵,allstar30 rating,3.5。结局处理和预想出入很大，万万没想到是牺牲了整个系列最讨喜也是我最喜欢的角色。作为一个95后，虽然不是漫威粉，但确实是看着漫威电影长大的，甚至看到一些对前作的致敬梗以及导演本人的客串还会会心一笑。尽管剧作上还是脱离不了公式化的通病，但能感觉出对于这部十年布局的收官之作导演还是不想让其彻底流水线化，因为主题和“时空穿梭”有关，导演一直在做一套和主题呼应的的剪辑体系，以及浪人日本戏份的长镜头处理全程通过刀的指向做视角变化，都是在导演层面做风格化的尝试。作为漫威第一阶段的灵魂人物，最后的葬礼太潦草且肤浅了，但美队卸任确实处理的不错。,7,2019/4/24
摩西不夜奔,allstar50 rating,"感动、满足。这依然是一部完整的电影，也是钢铁侠带领初代复仇者的完美落幕，因I AM IRON MAN起与终，11年前拉开的科技幻想神话的大幕，讲了一个科技精英引领的11年的无限传说史诗，采取了最聪明的叙事结构和结局选择。钢铁侠和美队分别代表反恐与科技时代新英雄主义与传统美国精神，把北欧神话、泛非文化和女权角色融为一炉，漫威打造了一个新世纪的银幕神话。至今回忆起，初次穿上战甲展示的真实精致炫目热血的情景依然记忆犹新。
期待漫威宇宙给新的英雄更多空间，开始一个新的时代。",5,2019/4/25
anich,allstar10 rating,"我Nat , 我Cap !甚Ny七八糟的Y局！Fuck Russo !",15,2019/4/24
淋酒,allstar30 rating,看哭了是因为角色，罗素还是一如既往的boring ,3,2019/4/27
what?,comment-time ,endgame应该还会是一个人刷,0,\
赤之彗星,allstar30 rating,【6】如果说这是同人电影，或者S8那种大结局SP我都信。。。也算完整地亲身经历过这21世纪头20年最大流行文化事件之一。为了串场景整个故事支离破碎，不过也行吧，大家吃这套。开头20分钟非常喜欢啊，有一丝当年玩《幻痛》的感觉。还有个别场景设计的蛮有意思。但真要把你当一电影看，真是无语凝噎。,3,2019/4/25
alongtimeago,allstar20 rating,不是一两句能骂清楚的，拍得比3还难看，锤整个疯疯癫癫比肩a3绿巨的设定完全是崩坏的，惊奇女士去凹造型也算不上。朗蚁话唠可爱戏份多没了。两位初代的强行牺牲脸谱到我惊，众人物集体回归场面乱炖到我惊。从“we don’t trade lives”到“assemble”cap的结局在我心中从不圆满。cp全be以及完全可以剪成两小时的，三小时反倒没啥实际东西还不如给那些永远也回不来的人多几个镜头。假剧本假预告段子一套一套营销飞起，罗氏兄弟死了again，这样的十年收官不值且恶。,15,2019/4/24
anewpig,allstar50 rating,“所谓命运，是某一时刻，你明知道自己有千万种选择，可上天也可入地，却永远只会选择那一条路。”这一代的超级英雄落幕了 其实总会落幕 只是在我们心中无人可以超过他们 “Let's get this son of bitch" "I am Iron Man" 此生无悔入漫威,3,2019/4/25
陆源,allstar30 rating,紫薯怪为什么替宇宙这样操心啊，我感动了。,10,2019/4/24
深度电影圈,allstar50 rating,全是惊喜，全是彩蛋，全是圆梦。有欢笑，有泪水，有遗憾，有希望，有无法接受，有新的开始。十年如一梦，但会记到永远。,8,2019/4/24
可可熏,allstar50 rating,2019.4.24 00:00 A6 forever,2,2019/4/24
宋小卡,allstar50 rating,值得中年人为之熬夜。,4,2019/4/24
冰岛好人,allstar30 rating,中规中矩，就是随便随便回忆全员露几下脸而已，算是基本收尾了，有点失望，时间穿越原理和为什么原石都能重启宇宙却不能复活死人都被糊弄过去了，惊奇队长这个角色真是仓促又突兀，美队玩九头蛇的梗还行，电影开始前买一送一拿了两杯奶茶，美队拿起锤子那一刻差点尿崩,11,2019/4/24
Bigteeth,allstar30 rating,基本就是我上小学时就跟同桌比谁的圣斗士贴纸上人多的水平。,4,2019/4/26
ZeonGin Sou,allstar50 rating,十年一梦，传奇终结。,2,2019/4/25
宇小敏,allstar50 rating,本非粉从头哭到尾。,2,2019/4/27
小天猴大眼萌,allstar50 rating,挺好的结局。,3,2019/4/24
瑞波恩,allstar50 rating,冲情怀打满分，高潮段落此起彼伏，黑寡妇钢铁侠相继阵亡，加上绿巨人被辐射成残疾，这种扑面而来的壮烈感，为了全宇宙前赴后继舍身取义的大无畏英雄主义，怎么也足够我们肃然起敬。当然作为电影本身bug也不少，剧情上对不熟悉漫威宇宙的观众可以说很不友好，但是作为收官落幕之作，本片交上了一份相当不错的答卷，足以抚慰漫迷孜孜以求的内心。PS 现实的焦虑与竞争体现在漫威宇宙里，混沌本是宇宙本质，无论穿越还是拯救，都是每个渺小人类逼不得已的选择，为了生存拼了！,3,2019/4/28
飞过海的海洋,allstar50 rating,"???
???
热浴盆时光机笑死",2,2019/4/24
银色卷毛猫,allstar30 rating,充满了牵强的情节和刻意的煽情，又让粉丝不忍对逝去的三个小时和看似丰富的终结篇“苛求”什么…就 我永远喜欢Tony Stark吧。放下过去安然度日不可以，定要给他一线希望；无牵无挂拯救世界不可以，定要Q生他的骨肉；体面退位更不可以，定要用命运之手摆布他。他像加缪笔下的西西弗，不同在于，he succeeded whilst he lost everything.罗素兄弟失度到令铁唯屡屡愣住。,13,2019/4/24
此在一刚.avi,allstar50 rating,所以其实漫威宇宙的价值观就是：良心资本家+爱国军人=美国。剩下的角色可以囊括神、俄国人、英国人、东亚人、黑白黄女人、机器人、半机器半人、AI、小动物、小树苗，但你们不管能力多强都主要负责扮演diversity，不负责完成决定性剧情。霸霸的手套，锤锤的锤锤，只有象征美帝核心价值观角色才配拥有。不管制造出多少超神角色，最后也必须依靠美国精神（而非普世价值观）拯救世界。,7,2019/4/26
peaddy,allstar30 rating,"我给三颗星 我不吹爆 （利益关系 漫威观众）
前期的过度宣传未免抬高了我对这部电影的预期 造成了我心理上的落差感 但其实它勉强还是能算中规中矩 
还是那样精彩的武戏＋没有那么精彩的文戏（最精彩部分在黑寡妇的..）还我black widow！哭
英雄的落幕 其实
我不知道为什么看的时候觉得一直在被折磨 一种说不出的难受感
终于结束啦 期待下一个阶段吧 初代复联啊 舍不得 但永远在我心中have a space
（btw 看了穿插的彩蛋 和一些隐藏的细节 我升到3/4星的评价( ????????????????? )，但开头的部分真的要拍那么长吗?有的部分真的要那么长吗?i keep doubting）",9,2019/4/24
孤岛影者,allstar30 rating,三星半。当时418粉丝盛典活动，身边粉丝人气最低的凯文・费奇，才是MCU中最值得夸赞的人啊！本片第一部分是有镜头设计的文戏，升镜头、景深构图和长镜头三幕瞄准同一表意――人类的渺小和无助，缺点是情节上有所拖沓也导致了台词缺陷暴露。第二部分是剧情设计优良的科幻，尤其盾钢部分与MCU往作的互文，缺点是与《惊奇队长》同样的问题：踩他而难捧己。第三部分是动作设计感优化的武戏，缺点同《复联3》在于能力配比问题。整体好于前作，有不错的视听部分，有不刻意的煽情也有圆满的告别，结尾甚至是同《复联2》产生互文，但最大优点嗨点依然还是来源于电影外（前）的人设铺垫。影后登场惊艳但演技尴尬，惊队太强只能强行酱油。笑料众多却依然同以往：大多笑点和同场观众不在同一线上，其中最惊喜当然是“勒保斯基”的梗（仿佛看到《钢1》反派的崛起）！,8,2019/4/24
Harmonica,comment-time ,属于漫威粉看了一本满足的电影吧。论商业爆米花大片电影宇宙的布局艺术，米老鼠确实是成功的商人,3,\
你蛋姐,allstar50 rating,英雄全部出来时侯真的好炸,6,2019/4/24
猫,allstar50 rating,漫威十年 respect！！！,3,2019/4/24
所有团的团长,allstar40 rating,一个为了让所有人都出现一遍的3小时英雄人物大混剪？感觉再压缩一个小时节奏会更合适点啊，不然除了追了11年的漫威的情怀真的只想打3分。,3,2019/4/25
之晨,allstar50 rating,"9.0
蚁人果然是关键点，雷神成废柴大腹便便，逆转未来的往日时光怎么也看不厌，为了与至爱的片刻就能不惜一切，九头蛇万岁的美国翘臀笑点很来电，黑云压寨时的英雄同框终于出现，十年布局等待而来的这一刻止不住泪腺，葬礼镜头缓缓移动是对美好时光的最好怀念，超级英雄回归平凡而平凡如我有了超级英雄一样的体验，感谢漫威的陪伴就此落幕要说上一句爱你三千遍!!!",8,2019/4/24
胸口碎大石,allstar40 rating,迟到的那支舞催人泪下，一切都是最好的安排，漫威12年的阶段结束，加一星为情怀吧。,0,2019/4/24
k341,allstar30 rating,你们自己说值不值这么高的分，这要是DC拍的直接6分以下，一个半小时的前戏，无限多bug的时间旅行，最后来个全体人物大出动就完了。说实话漫威要还打算这么拍电影，可以预见的崩塌。我从未黑过漫威电影，但这部片子能9+就是个笑话,20,2019/4/24
神猫夏洛克,allstar50 rating,奇怪的情景：去年和我一起看复联3首映的大学班长，今天在我身旁看到最后忽然啜泣起来。唔…他确是走心式喜欢这个系列。,4,2019/4/24
帝江,allstar10 rating,"十年，那么多人那么多故事，那么多心血那么多热爱，最后就给我看这个？！我宁愿Thor在上一部化成灰，最后的响指是美队打的，而妮妮能给女儿一个完美的童年。Begin with Ironman, end with Ironman. 期待着那些将要退场的人都能有个decent goodbye，架不住官方带头OOC。我爱的人们都已经死了，精神或肉体，都结束了。",7,2019/4/26
深邃,allstar50 rating,这个片子让我思考我们在豆瓣打星的依据是什么？缺点实在太多，但我觉得这个项目已经做到最好了，你可以想出无数个把剧情改得更合理更到位更精彩的方法，但那样我肯定打不了五星。当然别人可能打得更高，但关我什么事呢。,2,2019/4/29
电音巨师小老陈,allstar50 rating,回到未来梗是过不去了吗…………,3,2019/4/24
六十六个猴,allstar50 rating,没错，就该砍掉极端环保主义者的狗头。一遍不够，再砍一遍。,5,2019/4/27
宇宙一蜉蝣,allstar50 rating,"今天休息，下午想到就去看了，里面很多话语都挺有感触，挺不错的电影。
寸金难买寸光阴，你戏弄时间时间戏弄你。类似吸血鬼日记想要改变什么，就要付出什么。
也许还是卫生院的工作好，虽然钱少。人生就是寂寞如雪，生活就是比较平淡如水，但是电影还是一个不错的消遣方式。还可以找一些其他的感想。这部电影拍得不错的，但是二刷。可能不是那么值得。",4,2019/4/24
Andrew,allstar50 rating,复仇者联盟两大元老，一人用完无限手套化作尘土，另一人用完雷神之锤解甲归田。除了各种前作电影梗和超重量级漫画梗的化用以外，居然还特地致敬了一把The Big Lebowski，简直处处惊喜。当代神话感和厚重感在不觉间竟已构筑得如此到位，系列中纵有不尽如人意之处，如今也算是迎来一个perfect ending了。,2,2019/4/26
PixelGirl,allstar40 rating,我爱斯嘉丽 7年前觉得她不应该接黑寡这个角色  今天觉得 她就是她 ,3,2019/4/25
So,allstar30 rating,平静地结束了。高潮不够，故事又散，真的没必要3小时。初代的谢幕让人唏嘘，美队的戏份多到直接暴露罗素兄弟的脑残粉属性。啊，以为是跨年，结果是聚众吃了顿宵夜，想说的太多，但啥也没说清！（还我妮妮！！！,13,2019/4/24
